element,id,name,name:en,lat,lon
node,468916502,南京东路,East Nanjing Road,31.2391239,121.4792291
node,469787970,新闸路,Xinzha Road,31.2405472,121.4636467
node,469788001,中山北路,North Zhongshan Road,31.2614891,121.45447
node,470637744,张江高科,Zhangjiang Hi-Tech Park,31.2039914,121.5833523
node,471013952,徐家汇,Xujiahui,31.1950755,121.4339035
node,471014085,衡山路,Hengshan Road,31.2064527,121.4419408
node,471015395,陕西南路,South Shaanxi Road,31.2188995,121.4552697
node,471016169,一大会址·黄陂南路,Site of the First CPC National Congress·South Huangpi Road,31.2249337,121.4693495
node,471016943,上海科技馆,Shanghai Science & Technology Museum,31.2218914,121.5386617
node,471088265,南京西路,West Nanjing Road,31.2318255,121.4560232
node,471091952,北新泾,Beixinjing,31.2183955,121.3690974
node,471092256,淞虹路,Songhong Road,31.2199749,121.3558076
node,605019372,虹桥2号航站楼,Hongqiao Airport Terminal 2,31.1964723,121.3216102
node,605024325,金科路,Jinke Road,31.2064028,121.597836
node,605025081,广兰路,Guanglan Road,31.2131129,121.616873
node,605027433,唐镇,Tangzhen,31.2163796,121.6518673
node,605027658,创新中路,Middle Chuangxin Road,31.2155336,121.6698203
node,605032163,川沙,Chuansha,31.1887574,121.6936866
node,605037023,凌空路,Lingkong Road,31.194826,121.7195131
node,605037513,华夏东路,East Huaxia Road,31.1988574,121.6767066
node,622194147,枫桥路,Fengqiao Road,31.2443442,121.4057154
node,622194318,真如,Zhenru,31.2527094,121.402647
node,622196229,祁连山路,Qilianshan Road,31.273409,121.3722123
node,622196496,武威路,Wuwei Road,31.2783683,121.3600778
node,622580357,桃浦新村,Taopu Xincun,31.2834828,121.3450707
node,824530194,安亭北,Antingbei,31.3163832,121.1537318
node,848234307,北郊,Beijiao Railway Station,31.3048976,121.4508603
node,1542037120,虹桥1号航站楼,Hongqiao Airport Terminal 1,31.1932684,121.3427146
node,1551695122,芦潮港,Luchaogang,30.8875251,121.8466639
node,1709861023,南翔,Nanxiang,31.2776686,121.3222534
node,2448270609,三林东,East Sanlin,31.1486404,121.5188767
node,2448270613,龙华,Longhua,31.1748452,121.4486885
node,2448270617,龙耀路,Longyao Road,31.1615085,121.4551734
node,2448270625,浦三路,Pusan Road,31.1531902,121.5350543
node,2448270629,三林,Sanlin,31.1453958,121.507929
node,2448270633,上海游泳馆,Shanghai Swimming Center,31.1812817,121.4367543
node,2448270636,徐家汇,Xujiahui,31.1974902,121.4323653
node,2448270639,云锦路,Yunjin Road,31.1695006,121.4538663
node,2597030792,金山北,Jinshan North,30.8963212,121.0848732
node,2849812227,杨行,Yanghang Railway Station,31.3758686,121.4474062
node,2914198802,秀沿路,Xiuyan Road,31.1403484,121.5942175
node,3024235394,李家塘,,31.1128595,121.3559439
node,3024239751,七宝,,31.160489,121.3235415
node,3024250988,封浜,Fengbang,31.2586989,121.2844856
node,3024395538,金山卫西,,30.7021505,121.277384
node,3807901917,海湾,,30.8642698,121.5441535
node,4241260093,静安寺,Jing'an Temple,31.2252923,121.4421389
node,4269627924,康新公路,Kangxin Highway,31.1326897,121.6131827
node,4460193672,虹桥火车站,Hongqiao Railway Station,31.1959975,121.3137324
node,4513596856,黄渡,Huangdu,31.2958703,121.2351783
node,4520492425,中山公园,Zhongshan Park,31.2200642,121.4115608
node,4520492882,威宁路,Weining Road,31.2167836,121.3826767
node,4559664170,莲花路,Lianhua Road,31.1328603,121.3982663
node,4559664184,锦江乐园,Jinjiang Park,31.1440689,121.4095153
node,4559664358,通河新村,Tonghe Xincun,31.3329517,121.4369064
node,4559664369,共康路,Gongkang Road,31.3217011,121.4420271
node,4559664370,彭浦新村,Pengpu Xincun,31.3074944,121.4439361
node,4559664371,汶水路,Wenshui Road,31.2945322,121.4455881
node,4562133829,惠南,Huinan,31.056003,121.7573174
node,4562133847,临港大道,Lingang Avenue,30.925954,121.9065641
node,4571430228,常熟路,Changshu Road,31.2151666,121.4464856
node,4610023440,上海虹桥,Shanghai-Hongqiao,31.1959782,121.3162004
node,4714766414,闵行,,31.0120676,121.3459683
node,4714815633,桃浦,,31.2991386,121.3843399
node,4714822087,何家湾,,31.3423428,121.49399
node,4714822515,杨浦,,31.2957694,121.5437596
node,4714832178,殷行,,31.3208537,121.5400582
node,4714845108,张庙,,31.3304161,121.4680771
node,5263921177,吴泾调车场,,31.0792278,121.4498571
node,5306355590,芦恒路,Luheng Road,31.1202135,121.4938183
node,5306355592,东方体育中心,Oriental Sports Center,31.1554593,121.4758296
node,5306355593,杨思,Yangsi,31.1630199,121.4890118
node,5306355594,成山路,Chengshan Road,31.1727623,121.4917772
node,5306355596,陆家浜路,Lujiabang Road,31.2138544,121.4814802
node,5306355597,老西门,Laoximen,31.2208466,121.4784338
node,5306355598,大世界,Dashijie,31.2291468,121.4749289
node,5306355599,曲阜路,Qufu Road,31.244194,121.4669569
node,5306355600,中兴路,Zhongxing Road,31.255078,121.4643534
node,5306355601,西藏北路,North Xizang Road,31.265566,121.4645728
node,5306355602,曲阳路,Quyang Road,31.278536,121.4857918
node,5306355603,四平路,Siping Road,31.2768579,121.496992
node,5306355604,鞍山新村,Anshan Xincun,31.2752636,121.5051698
node,5306355605,江浦路,Jiangpu Road,31.2769932,121.5141937
node,5306355606,黄兴路,Huangxing Road,31.2809549,121.5240955
node,5306355607,延吉中路,Middle Yanji Road,31.2907317,121.5306115
node,5306355608,黄兴公园,Huangxing Park,31.2978586,121.5288185
node,5306355609,翔殷路,Xiangyin Road,31.3071133,121.5275779
node,5306355611,市光路,Shiguang Road,31.3247936,121.5276336
node,5306402940,醉白池,Zuibaichi Park,31.0028512,121.2244749
node,5306402941,松江体育中心,Songjiang Sports Center,31.0179937,121.2262371
node,5306402942,松江新城,Songjiang Xincheng,31.0322111,121.2262586
node,5306402950,宜山路,Yishan Road,31.1862088,121.4227293
node,5306402951,嘉善路,Jiashan Road,31.2046319,121.456367
node,5306402952,打浦桥,Dapuqiao,31.2082336,121.4640097
node,5306402955,马当路,Madang Road,31.2112829,121.4720292
node,5306402956,小南门,Xiaonanmen,31.2190076,121.4940577
node,5306444950,龙柏新村,Longbai Xincun,31.1792624,121.3659379
node,5306444951,紫藤路,Ziteng Road,31.1717823,121.3609817
node,5306444952,航中路,Hangzhong Road,31.1671579,121.3491547
node,5306444953,上海动物园,Shanghai Zoo,31.1920985,121.3634133
node,5306444954,龙溪路,Longxi Road,31.1963362,121.3757005
node,5306444955,水城路,Shuicheng Road,31.2012461,121.3876028
node,5306444956,伊犁路,Yili Road,31.2011073,121.3980259
node,5306444957,宋园路,Songyuan Road,31.1983438,121.4079018
node,5306444958,虹桥路,Hongqiao Road,31.198577,121.4175044
node,5306444959,交通大学,Jiao Tong University,31.2040391,121.4304645
node,5306444960,上海图书馆,Shanghai Library,31.2100122,121.4396546
node,5306444961,陕西南路,South Shaanxi Road,31.2168438,121.4540097
node,5306444964,一大会址·新天地,Site of the First CPC National Congress·Xintiandi,31.2180993,121.4699438
node,5306444965,豫园,Yuyuan Garden,31.2299254,121.4828695
node,5306444966,天潼路,Tiantong Road,31.2457501,121.4778075
node,5306444967,四川北路,North Sichuan Road,31.2537236,121.4794725
node,5306444968,邮电新村,Youdian Xincun,31.2704149,121.4898084
node,5306444969,同济大学,Tongji University,31.2844191,121.5020648
node,5306444970,国权路,Guoquan Road,31.2912548,121.5055912
node,5306444971,五角场,Wujiaochang,31.2997402,121.5100685
node,5306444972,江湾体育场,Jiangwan Stadium,31.3050228,121.5099408
node,5306444974,殷高东路,East Yingao Road,31.3238015,121.5024309
node,5306444975,新江湾城,Xinjiangwancheng,31.3307804,121.5023484
node,5306464703,虹莘路,Hongxin Road,31.1395765,121.3758226
node,5306464704,顾戴路,Gudai Road,31.1432364,121.3874729
node,5306464705,东兰路,Donglan Road,31.1577076,121.3871482
node,5306464706,虹梅路,Hongmei Road,31.1622429,121.3926923
node,5306464707,虹漕路,Hongcao Road,31.1662502,121.4061275
node,5306464708,桂林公园,Guilin Park,31.1689829,121.4149819
node,5306464710,龙漕路,Longcao Road,31.1720693,121.4389457
node,5306464711,龙华,Longhua,31.176651,121.4481765
node,5306464712,南京西路,West Nanjing Road,31.2304667,121.4579532
node,5306464713,南京西路,West Nanjing Road,31.2294277,121.4547881
node,5306464714,国际客运中心,International Cruise Terminal,31.2521438,121.4939618
node,5306464716,江浦公园,Jiangpu Park,31.2665507,121.5193261
node,5306464717,宁国路,Ningguo Road,31.2706832,121.5283015
node,5306464718,隆昌路,Longchang Road,31.2776265,121.5407047
node,5306464719,爱国路,Aiguo Road,31.2819802,121.5482806
node,5306464720,复兴岛,Fuxing Island,31.2830231,121.5569642
node,5306468322,巨峰路,Jufeng Road,31.2823103,121.5851422
node,5306468324,金京路,Jinjing Road,31.2818724,121.6107908
node,5306468325,申江路,Shenjiang Road,31.2823166,121.6226106
node,5306468326,金海路,Jinhai Road,31.2653459,121.634452
node,5306477806,金沙江西路,West Jinshajiang Road,31.2430562,121.3306649
node,5306477807,丰庄,Fengzhuang,31.2442808,121.3507104
node,5306477808,祁连山南路,South Qilianshan Road,31.2394924,121.3626932
node,5306477809,真北路,Zhenbei Road,31.2340365,121.3775593
node,5306477810,大渡河路,Daduhe Road,31.233634,121.3896185
node,5306477811,金沙江路,Jinshajiang Road,31.2331191,121.4072205
node,5306477812,隆德路,Longde Road,31.2324037,121.4189633
node,5306477813,武宁路,Wuning Road,31.2363368,121.4260872
node,5306477814,江宁路,Jiangning Road,31.2461078,121.4398643
node,5306477815,自然博物馆,Shanghai Natural History Museum,31.2377862,121.457925
node,5306477816,淮海中路,Middle Huaihai Road,31.2218467,121.4598334
node,5306477817,世博会博物馆,World Expo Museum,31.1992369,121.4770974
node,5306536045,灵岩南路,South Lingyan Road,31.1507738,121.4908095
node,5306536046,上南路,Shangnan Road,31.1511939,121.5019944
node,5306536047,华夏西路,West Huaxia Road,31.1519915,121.5103152
node,5306536048,高青路,Gaoqing Road,31.1614947,121.5113016
node,5306536049,东明路,Dongming Road,31.1747979,121.5065829
node,5306536050,临沂新村,Linyi Xincun,31.1958017,121.5131584
node,5306536051,上海儿童医学中心,Shanghai Children's Medical Center,31.2061476,121.5195474
node,5306536052,源深体育中心,Yuanshen Sports Centre,31.2350364,121.5298954
node,5306536053,民生路,Minsheng Road,31.2383036,121.5402665
node,5306536054,北洋泾路,Beiyangjing Road,31.2411683,121.5477984
node,5306536055,德平路,Deping Road,31.2476236,121.5600894
node,5306536056,云山路,Yunshan Road,31.252114,121.5677749
node,5306536057,金桥路,Jinqiao Road,31.2593229,121.5775913
node,5306536058,博兴路,Boxing Road,31.2661406,121.5826511
node,5306595215,御桥,Yuqiao,31.1607277,121.5674635
node,5306595216,曹杨路,Caoyang Road,31.2403031,121.4122228
node,5308115519,东方绿舟,Oriental Land,31.1005043,121.0148951
node,5308115520,朱家角,Zhujiajiao,31.1024894,121.0444783
node,5308116321,淀山湖大道,Dianshanhu Avenue,31.1361923,121.0774053
node,5308116322,漕盈路,Caoying Road,31.162321,121.0919563
node,5308116323,青浦新城,Qingpu Xincheng,31.1607843,121.1210999
node,5308116324,汇金路,Huijin Road,31.1631754,121.1474612
node,5308116325,赵巷,Zhaoxiang,31.1630876,121.1877018
node,5308116326,嘉松中路,Middle Jiasong Road,31.1660537,121.2196941
node,5308116328,徐盈路,Xuying Road,31.180115,121.2498298
node,5308116329,蟠龙路,Panlong Road,31.1884239,121.2742138
node,5308162422,曹路,Caolu,31.273409,121.6784911
node,5308162423,民雷路,Minlei Road,31.2704573,121.663802
node,5308162425,金吉路,Jinji Road,31.2666619,121.6247128
node,5308162426,金桥,Jinqiao,31.2631226,121.6072181
node,5308162427,台儿庄路,Taierzhuang Road,31.2544453,121.5931398
node,5308162428,蓝天路,Lantian Road,31.243219,121.5736362
node,5308162429,芳甸路,Fangdian Road,31.2343994,121.5544198
node,5308432220,陕西南路,South Shaanxi Road,31.2177863,121.4546929
node,5312024931,漕宝路,Caobao Road,31.1704329,121.4291103
node,5312291904,顾唐路,Gutang Road,31.2682621,121.6522724
node,5313309145,虹桥火车站,Hongqiao Railway Station,31.1961358,121.3137463
node,5313309146,虹桥火车站,Hongqiao Railway Station,31.1957535,121.3137444
node,5313309153,虹桥2号航站楼,Hongqiao Airport Terminal 2,31.196001,121.321629
node,5313309157,莘庄,Xinzhuang,31.1130124,121.3808599
node,5313309158,莘庄,Xinzhuang,31.1131515,121.3806318
node,5313309164,东方体育中心,Oriental Sports Center,31.1553732,121.4760043
node,5313309165,东方体育中心,Oriental Sports Center,31.155447,121.4760334
node,5313859994,金海路,Jinhai Road,31.2661403,121.6351423
node,5313859995,四平路,Siping Road,31.2768609,121.4971465
node,5313859997,曲阜路,Qufu Road,31.2444162,121.4672532
node,5314250339,南京东路,East Nanjing Road,31.2402537,121.4801505
node,5314250343,老西门,Laoximen,31.2209254,121.479018
node,5314254694,陆家浜路,Lujiabang Road,31.213813,121.4811496
node,5314254695,马当路,Madang Road,31.2116709,121.4717526
node,5314264654,一大会址·新天地,Site of the First CPC National Congress·Xintiandi,31.2179361,121.469819
node,5314264656,嘉善路,Jiashan Road,31.2042741,121.456395
node,5314272522,隆德路,Longde Road,31.2322816,121.418897
node,5314272524,江苏路,Jiangsu Road,31.2215398,121.4262469
node,5314272527,交通大学,Jiao Tong University,31.2041503,121.4306485
node,5314277877,徐家汇,Xujiahui,31.1963162,121.4313608
node,5314277881,世纪大道,Century Avenue,31.2306936,121.5229001
node,5314277882,世纪大道,Century Avenue,31.2308055,121.5227053
node,5314277883,世纪大道,Century Avenue,31.2310106,121.5227522
node,5314277884,世纪大道,Century Avenue,31.2306941,121.5225108
node,7111417239,S1,,31.1353256,121.8038369
node,7111417240,S2,,31.1375632,121.8119419
node,7111417241,T1,,31.1511674,121.797863
node,7111417242,T2,,31.1525151,121.8061256
node,7160140850,上海松江,Shanghai Songjiang,30.9851033,121.2259019
node,7161749775,上海,Shanghai,31.2515568,121.4511645
node,7161803592,四团,,30.8927054,121.7492062
node,7161813537,金山园区,Jinshanyuanqu,30.8321923,121.3635716
node,7161813538,漕泾,,30.8075513,121.4089197
node,7168335771,江桥镇,,31.2712792,121.3640168
node,7168518929,春申,Chunshen,31.0813561,121.3496831
node,7168565706,莘庄,Xinzhuang,31.1114602,121.3804196
node,7168621492,新龙华,,31.1624587,121.4365585
node,7169128140,上海西,,31.2646031,121.398156
node,7171261760,上海南,Shanghai South,31.1550117,121.4248842
node,7171343532,车墩,,31.0074204,121.3161555
node,7171384790,亭林,,30.8971291,121.3540551
node,7171384791,金山卫,,30.7301085,121.3580596
node,7171384792,叶榭,,30.9421696,121.3249853
node,7176602703,淡水桥,,31.0346013,121.4296223
node,7448000468,安亭西,Antingxi,31.3131188,121.1524548
node,7550669926,西渡,,30.9914152,121.4274618
node,7742242697,新桥,Xinqiao,31.0614034,121.3191462
node,8163814265,上海松江站,Shanghai Songjiang Railway Station,30.9869127,121.2263732
node,8453216531,安亭,,31.3068068,121.1747843
node,8663954070,古浪路,Gulang Road,31.2844541,121.387452
node,8663954072,锦秋路,Jinqiu Road,31.3221876,121.377316
node,8663954075,丰翔路,Fengxiang Road,31.3103095,121.3763776
node,8663954077,南大路,Nanda Road,31.3004988,121.3755576
node,8663954080,顾村公园,Gucun Park,31.3451773,121.3698399
node,8663954081,祁安路,Qi'an Road,31.2934242,121.3802641
node,9008134438,龙阳路,Longyang Road,31.2046984,121.5535315
node,9008134439,龙阳路,Longyang Road,31.2052208,121.5534538
node,9242148031,南翔北,,31.2834953,121.3048205
node,9312201959,娄山关路,Loushanguan Road,31.2133704,121.3967585
node,9381124225,昌邑路,Changyi Road,31.2460058,121.5357325
node,9381124226,昌邑路,Changyi Road,31.2460556,121.5358083
node,9381124227,北中路,Beizhong Road,31.1852344,121.5571091
node,9381124228,芳芯路,Fangxin Road,31.193162,121.5550397
node,9381124229,迎春路,Yingchun Road,31.2232213,121.5467582
node,9381124230,民生路,Minsheng Road,31.2370638,121.5405786
node,9381127893,丹阳路,Danyang Road,31.2569051,121.5260504
node,9381158917,平凉路,Pingliang Road,31.2610517,121.52253
node,9381170073,江浦公园,Jiangpu Park,31.2672443,121.5191022
node,9381173343,江浦路,Jiangpu Road,31.2760613,121.5145022
node,9381199385,抚顺路,Fushun Road,31.2860526,121.5113331
node,9381616131,国权路,Guoquan Road,31.2912405,121.5068632
node,9381674419,殷高路,Yingao Road,31.3235982,121.4909886
node,9381675519,复旦大学,Fudan University,31.2982596,121.4953727
node,9381681214,乐秀路,Lexiu Road,31.2672762,121.3092454
node,9381740017,封浜,Fengbang,31.269456,121.2925591
node,9381749213,真光路,Zhenguang Road,31.2550635,121.3797034
node,9381799811,嘉怡路,Jiayi Road,31.2612945,121.3407328
node,9381801902,铜川路,Tongchuan Road,31.2525788,121.3922945
node,9381805998,真新新村,Zhenxin Xincun,31.2572465,121.3674467
node,9381817045,临洮路,Lintao Road,31.2650033,121.3263327
node,9381856640,中宁路,Zhongning Road,31.2469107,121.4100155
node,9381867506,真如,Zhenru,31.2524377,121.4019002
node,9381885715,曹杨路,Caoyang Road,31.2411734,121.41312
node,9381885716,曹杨路,Caoyang Road,31.2416559,121.4170297
node,9381916526,武宁路,Wuning Road,31.2347687,121.4264922
node,9381931089,武定路,Wuding Road,31.2294501,121.4311464
node,9381941590,豫园,Yuyuan Garden,31.2314615,121.4842395
node,9381946298,静安寺,Jing'an Temple,31.2237595,121.4407549
node,9381954260,一大会址·黄陂南路,Site of the First CPC National Congress·South Huangpi Road,31.2256562,121.4679564
node,9381954263,大世界,Dashijie,31.2286365,121.4751877
node,9381985702,陆家嘴,Lujiazui,31.2369216,121.4979194
node,9382030652,源深路,Yuanshen Road,31.2433745,121.5264996
node,9382055039,浦东大道,Pudong Avenue,31.2424141,121.5149488
node,9382067085,黄杨路,Huangyang Road,31.2359808,121.5862834
node,9382076276,歇浦路,Xiepu Road,31.2526656,121.547042
node,9382078474,云顺路,Yunshun Road,31.2392917,121.5964372
node,9382079661,蓝天路,Lantian Road,31.2429529,121.5738977
node,9382082435,云山路,Yunshan Road,31.2532335,121.5669032
node,9382082818,龙居路,Longju Road,31.2594736,121.5547025
node,9382098491,浦东足球场,Pudong Football Stadium,31.2437063,121.6107535
node,9382102244,金粤路,Jinyue Road,31.2443209,121.6247466
node,9382111954,桂桥路,Guiqiao Road,31.2526202,121.6309638
node,9455756755,龙阳路,Longyang Road,31.2041627,121.553356
node,9455756756,龙阳路,Longyang Road,31.2056725,121.5536268
node,9455756757,龙阳路,Longyang Road,31.2030494,121.5524565
node,9660864437,枫泾,,30.8944987,121.0249418
node,9836022368,江湾镇,Jiangwan Town,31.3074899,121.4805955
node,10983612982,上海宝山(在建）,Shanghai Baoshan (under construction),31.4050945,121.441346
node,10983612983,徐行,,31.4187672,121.31452
node,10983613043,外高桥（在建）,Waigaoqiao (still in construction),31.3660141,121.5572171
node,10983613119,上海东,,31.1222665,121.7806029
node,10983613121,曹路(规划）,Caolu (in planning),31.2830651,121.6983239
node,11029495367,石湖荡,Shihudang,30.9821777,121.1237154
node,11201862443,天潼路,Tiantong Road,31.2457831,121.4779624
node,11216978072,江苏路,Jiangsu Road,31.2214433,121.427011
node,11327619618,崇明,,31.6630034,121.3717515
node,11672638207,练塘,,30.9973591,121.0265656
node,12042988431,浦东1号2号航站楼,Pudong Airport Terminal 1&2,31.1522997,121.8012679
node,12042988433,上海国际旅游度假区,Shanghai International Resort,31.1585237,121.6759116
node,12042988434,康桥东,East Kangqiao,31.149121,121.611222
node,12042988435,三林南,South Sanlin,31.1280131,121.4820207
node,12042988436,景洪路,Jinghong Road,31.1117628,121.4402352
node,12103881273,浦东3号航站楼,,31.1362831,121.8074043
node,12103886408,中春路,Zhongchun Road,31.1519932,121.3299725
node,12103946939,鹏翔路(在建）,Pengxiang Road (still in construction),31.0916981,121.831029
node,12103946990,滨海森林公园,,30.9752681,121.9043621
node,12103960071,惠南,,31.0286616,121.7880297
node,12103986924,星海湾路,,30.9585982,121.9369954
node,12103986925,滴水湖北(在建）,North Di Shui Lake(still in construction),30.9276996,121.9368471
node,12140814900,长兴岛(在建）,Changxing Island（still in construction),31.3930867,121.7179172
node,12140828479,陈家镇（在建）,Chenjia Town（still in construction),31.4927315,121.7882001
node,12140828481,东滩(在建）,Dongtan（still in construction),31.5022577,121.8513696
node,12140828482,裕安(在建）,Yu'an （still in construction),31.5252521,121.8580994
node,12140828497,申江路,Shenjiang Road,31.282098,121.6210608
node,12144502308,高宝路,Gaobao Road,31.2925132,121.6210656
node,12144502309,凌空北路(在建）,North Lingkong Road（still in construction),31.2957169,121.6681085
node,12210717559,康恒路,Kangheng Road,31.1564411,121.5492931
node,12222691463,浦东足球场(在建）,Pudong Football Stadium（still in construction),31.2421998,121.6127278
node,12222691483,龙东大道(在建）,Longdong Avenue（still in construction),31.2228632,121.6126851
node,12222691484,广兰路,Guanglan Road,31.2126248,121.6137832
node,12222691485,高斯路（在建）,Gaosi Road（still in construction),31.2021249,121.6090151
node,12222691486,张衡路(在建）,Zhangheng Road（still in construction),31.1940038,121.6080916
node,12222691490,康桥东(在建）,East Kangqiao（still in construction),31.1484341,121.6127875
node,12222691492,唐黄路(在建）,Tanghuang Road（still in construction),31.1454455,121.6781147
node,12222691494,施新路(在建）,Shi Xin Road（still in construction),31.1514548,121.7535442
node,12222691495,闻居路(在建）,Wenju Road（still in construction),31.1325925,121.7596038
node,12222691496,金闻路(在建）,Jinwen Road（still in construction),31.1195899,121.7690328
node,12222691497,上海东站(在建）,Shanghai East Railway Station（still in construction),31.1216364,121.7776989
node,12241806356,西岑,Xicen,31.0726117,120.9598944
node,12291519358,前湾公园（在建）,Qianwan Park (still in construction),31.2222835,121.2670666
node,12291519359,天山路(在建）,Tianshan Road (still in construction),31.2208904,121.3177311
node,12291519360,青浦新城南(在建）,South Qingpu Xincheng (still in construction),31.1259122,121.0974594
node,12291519368,华青路(在建）,Huaqing Road (still in construction),31.1885962,121.1262527
node,12291519369,重固(在建）,,31.1917421,121.1795696
node,12303959813,上海大学,Shanghai University,31.3223633,121.3839347
node,12325363360,虹桥2号航站楼,Hongqiao Airport Terminal 2,31.196134,121.3198748
node,12326871652,朱家角南(在建）,South Zhujiajiao (still in construction),31.0966932,121.0456261
node,12326998465,水乡客厅,Shuixiang Parlor,31.0428053,120.9129633
node,12326998495,西岑,Xicen,31.0722092,120.9597477
node,12327046805,凤溪(在建）,Fenxi (still in construction),31.1973058,121.226501
node,12500896206,滴水湖,,30.9124996,121.9246638
node,12519546106,学林路(在建）,Xue Lin Road(still in construction),31.1860407,121.6088323
node,12578483733,联曹路(在建）,Lian Cao Road(still in construction),31.0991519,121.4387888
node,12578703760,华泾路（在建）,Hua Jin Road(still in construction),31.1222423,121.450744
node,12581620575,德州路(在建）,De Zhou Road(still in construction),31.1663661,121.47365
node,12581629580,中华艺术宫南,,31.1857117,121.4916297
node,12584051038,华丰路,,31.1929782,121.5016198
node,12586869897,,,31.3643268,121.463425
node,12586870178,兰岗路(在建）,Lan Gang Road(still in construction),31.3779503,121.4572994
node,12586870358,铁山路（在建）,Tie Shan Road(still in construction),31.3864261,121.4512341
node,12735998360,东陆路,Donglu Road,31.2846873,121.5746438
node,12811092054,共青森林公园（规划）,Gong Qing Forest Park(planned),31.3173522,121.5420719
node,12811298345,上海体育大学（规划）,Shanghai University of Sport（planning),31.3168556,121.5186024
node,12811298578,车站南路(规划）,South Station Road（Planning),31.2948661,121.472694
node,12811298601,万安路(规划）,Wan An Road(planning),31.3032122,121.4716021
node,12913835981,外环路,Waihuanlu,31.1228126,121.3883624
node,13124881859,奉贤,,30.8879548,121.4913903
node,13124881862,上海金山,,30.7723788,121.3157552
node,13192138989,江杨南路(在建）,South Jiang Yang Road(still in construction),31.3519942,121.4615814
node,13206611315,蟠祥路・国家会计学院,Panxiang Road · Shanghai National Accounting Institute,31.1834815,121.2817657
node,13208864391,国家会展中心,National Exhibiation and Convention Center,31.1911622,121.2965478
node,13208864400,国家会展中心,National Exhibiation and Convention Center,31.1932726,121.2909119
node,13208886001,国家会展中心,National Exhibiation and Convention Center,31.1937041,121.2886486
node,13285330320,浦东3号航站楼,,31.120568,121.8134453
node,13444650643,周家嘴路（在建）,,31.2608032,121.4963909
node,13444650644,海伦路（在建）,,31.2620274,121.4863657
node,13444650645,海伦路,,31.2609723,121.4853312
node,13444650646,海伦路,,31.2611414,121.4842628
node,13444650647,提篮桥（在建）,,31.2560964,121.5007603
node,13444650648,浦东南路（在建）,,31.2377494,121.507915
node,13444650649,商城路（在建）,,31.2330094,121.5105065
node,13444650650,潍坊路（在建）,,31.2242322,121.5137128
node,13444650651,塘桥（在建）,,31.2135352,121.5131896
node,13444650652,南码头路（在建）,,31.1986898,121.5050916
node,13444650653,华丰路（在建）,,31.1930039,121.5015367
node,13444650654,中华艺术宫南（在建）,,31.1856591,121.4916911
node,13444650655,世博大道（在建）,,31.1831258,121.4772501
node,13444650656,后滩（在建）,,31.1764998,121.4693654
node,13444650657,德州路（在建）,,31.1663375,121.473579
node,13444650658,东方体育中心（在建）,,31.1582463,121.4767061
node,13444650659,凌兆新村（在建）,,31.1427274,121.4825061
node,13444650660,三林南（在建）,,31.1284152,121.4837803
node,13444650661,华泾路（在建）,,31.1221636,121.4507552
node,13444650662,景洪路（在建）,,31.1135138,121.4364794
node,13444650663,联曹路（在建）,,31.0990904,121.4387212
node,13444650664,虹建路（在建）,,31.0863912,121.4405112
relation,19631195,莲溪路,Lianxi Road,31.171688844052518,121.56185150104497
way,14912317,,Xiangcheng Rd Metro Station Exit,31.223711530101557,121.52753155432335
way,47013031,龙漕路,Longcao Road,31.17134114215676,121.43981495267973
way,71799638,宜山路,Yishan Road,31.188523727981778,121.4226028382971
way,71799641,中山公园,Zhongshan Park,31.21993017377056,121.41104964698002
way,71799643,金沙江路,Jinshajiang Road,31.234080383652753,121.40861600354577
way,71799647,漕溪路,Caoxi Road,31.178604178952103,121.43381939625091
way,71799648,镇坪路,Zhenping Road,31.248192847628268,121.42515163433463
way,71799655,延安西路,West Yan'an Road,31.21142218316473,121.41244323719226
way,71799657,虹桥路,Hongqiao Road,31.199340805098988,121.41617470604874
way,95222724,石龙路,Shilong Road,31.159858399484122,121.43862191855523
way,95222731,上海南站,Shanghai South Railway Station,31.155280665713445,121.42659921109122
way,97533050,中潭路,Zhongtan Road,31.25644098556502,121.43640572586568
way,97546596,上海火车站,Shanghai Railway Station,31.251705035564004,121.45318914526584
way,97550426,宝山路,Baoshan Road,31.253457586785967,121.47179194027697
way,97560779,江杨北路,North Jiangyang Road,31.409669006491256,121.43520884615228
way,97566894,铁力路,Tieli Road,31.409950539787058,121.45671333988416
way,97653686,友谊路,Youyi Road,31.405927579838856,121.47138185164061
way,97653687,宝杨路,Baoyang Road,31.397223918710587,121.47506131603254
way,97666199,殷高西路,West Yin'gao Road,31.32194982064619,121.48043162695976
way,97666208,长江南路,South Changjiang Road,31.334013307085726,121.48705934639334
way,97671076,赤峰路,Chifeng Road,31.2831884403556,121.47792703093344
way,97671079,大柏树,Dabaishu,31.291411023733474,121.47868807801048
way,101892338,白银路,Baiyin Road,31.34727986191471,121.24088209386524
way,101892341,嘉定新城,Jiading Xincheng,31.332079328988694,121.24982415821324
way,101892349,南翔,Nanxiang,31.298852272509244,121.31859663651133
way,101892359,马陆,Malu,31.321596008891635,121.27239211636095
way,102774610,安亭,Anting,31.290385042574798,121.15751355165006
way,102774611,昌吉东路,East Changji Road,31.295547703010772,121.19589285469685
way,102774617,上海汽车城,Shanghai Automobile City,31.28732164817711,121.17627158116
way,102787027,嘉定北,North Jiading,31.393589577075268,121.23304027183893
way,102787029,嘉定西,West Jiading,31.379049450174804,121.22339098093435
way,106060174,美兰湖,Meilan Lake,31.403688872310703,121.34531039919149
way,106060199,罗南新村,Luonan Xincun,31.390582052365755,121.35280363214532
way,107039359,泗泾,Sijing,31.120409700000003,121.25587975
way,107039361,洞泾,Dongjing,31.08654184872405,121.22603451591357
way,107039362,松江大学城,Songjiang University Town,31.05617407049494,121.22817542773274
way,107039368,佘山,Sheshan,31.106237400000005,121.22536185000003
way,108731265,远东大道,Yuandong Avenue,31.201411121333432,121.75098281608707
way,108731268,海天三路,Haitiansan Road,31.170532005780828,121.79262064476598
way,122526766,南翔北,Nanxiang North,31.2833798761857,121.30420983613766
way,136084475,港城路,Gangcheng Road,31.35525720556365,121.57060314046693
way,144554239,东宝兴路,Dongbaoxing Road,31.261827206214495,121.47570497915063
way,144554242,虹口足球场,Hongkou Football Stadium,31.273244288001717,121.47473107548385
way,146701242,东靖路,Dongjing Road,31.292806269901206,121.58462157214318
way,146701243,五洲大道,Wuzhou Avenue,31.304692175155083,121.58510410814941
way,146701244,五莲路,Wulian Road,31.274151873036946,121.58375307263567
way,146701286,外高桥保税区北,North Waigaoqiao Free Trade Zone,31.349951263485046,121.58269409735944
way,146701287,外高桥保税区南,South Waigaoqiao Free Trade Zone,31.32376553056701,121.59772569974054
way,146701288,巨峰路,Jufeng Road,31.28280841406273,121.58423471087731
way,146701289,洲海路,Zhouhai Road,31.314399450152727,121.58519700093112
way,146701290,航津路,Hangjin Road,31.33751535115381,121.58978119038179
way,168481748,淞滨路,Songbin Road,31.37300609046945,121.488252673477
way,169039066,沈杜公路,Shendu Highway,31.063492810059614,121.50791017346098
way,169043149,江月路,Jiangyue Road,31.086308563879776,121.5042127028183
way,169043150,联航路,Lianhang Road,31.075631703932295,121.50620838129807
way,169044394,浦江镇,Pujiang Town,31.098627383207067,121.5018753551409
way,230069192,浦东1号2号航站楼,Pudong Airport Terminal 1&2,31.152432867170305,121.80176650958428
way,264051326,上海南站,Shanghai South Railway Station,31.1565578633303,121.42544934745105
way,264106785,漕宝路,Caobao Road,31.170198677431635,121.43032647657014
way,264109694,上海体育馆,Shanghai Indoor Stadium,31.18369182600841,121.43162861030369
way,264602662,浦东南路,South Pudong Road,31.235382052157732,121.51111614012247
way,264721081,陆家嘴,Lujiazui,31.240168245502947,121.49794464179833
way,328426738,迪士尼,Disney Resort,31.14343059172202,121.66371743860324
way,376655899,宝安公路,Bao'an Highway,31.371405546140817,121.4262590645847
way,376655900,富锦路,Fujin Road,31.394114612988265,121.41991940184442
way,376655903,友谊西路,West Youyi Road,31.382941699999996,121.42331865000001
way,406423632,水产路,Shuichan Road,31.383281864348355,121.48368269071196
way,406423633,淞发路,Songfa Road,31.347170057239246,121.49595770465001
way,406423634,张华浜,Zhanghuabang,31.360010291314534,121.49421423643352
way,424525851,东川路,Dongchuan Road,31.020181789178203,121.41525892675058
way,424525866,剑川路,Jianchuan Road,31.02842687908682,121.41194119403082
way,424525867,北桥,Beiqiao,31.0470271830295,121.40541315810873
way,424525868,华宁路,Huaning Road,31.00940927310036,121.39058014307078
way,424525869,文井路,Wenjing Road,31.005553690733297,121.37611742040922
way,424525870,春申路,Chunshen Road,31.100136361531217,121.38115095120659
way,424525871,金平路,Jinping Road,31.01320162409611,121.4054912973212
way,424525877,银都路,Yindu Road,31.0912507610355,121.38562990393446
way,424525878,闵行开发区,Minhang Development Zone,31.002591363724,121.36503314986031
way,424525879,颛桥,Zhuanqiao,31.0689159515768,121.39723099760762
way,446115662,罗山路,Luoshan Road,31.155515998029436,121.58886676661183
way,460289574,共富新村,Gongfu Xincun,31.356938100000008,121.4294324
way,460289575,呼兰路,Hulan Road,31.341574518112967,121.43307939664679
way,460584064,野生动物园,Wild Animal Park,31.05242590925216,121.69484371320746
way,460584075,惠南东,East Huinan,31.028624378809383,121.7895150602448
way,460584077,书院,Shuyuan,30.961577549999998,121.846355
way,460592049,华夏中路,Middle Huaxia Road,31.178028412113854,121.5789171022987
way,460592056,周浦东,East Zhoupu,31.112352688430914,121.60272941847636
way,460592061,鹤沙航城,Heshahangcheng,31.08005908463105,121.6070663164353
way,460592064,航头东,East Hangtou,31.057278986498787,121.6132643859342
way,460592067,新场,Xinchang,31.0478433,121.64473265
way,461892472,芳华路,Fanghua Road,31.19532985,121.54578074999999
way,478613740,锦绣路,Jinxiu Road,31.1897504376076,121.53569780719907
way,478643154,长清路,Changqing Road,31.17664515,121.48170864999999
way,481982624,潘广路,Panguang Road,31.366007750000005,121.35131739999999
way,481982625,刘行,Liuhang,31.3597292,121.35776565000003
way,481982626,顾村公园,Gucun Park,31.346229325484227,121.36852886163005
way,481982627,祁华路,Qihua Road,31.324177799999994,121.36883359999999
way,481982629,南陈路,Nanchen Road,31.323558350000003,121.3936629
way,481982631,上大路,Shangda Road,31.316981466212642,121.40386883712102
way,481992272,场中路,Changzhong Road,31.305631292712278,121.40862210355527
way,481992273,大场镇,Dachang Town,31.295195540983872,121.41158671345063
way,481992274,行知路,Xingzhi Road,31.28592835633228,121.41715853005051
way,481992275,大华三路,Dahuasan Road,31.275622157565323,121.41849237274228
way,481992276,新村路,Xincun Road,31.26533615916051,121.41811763291166
way,481992277,岚皋路,Lan'gao Road,31.258025587560535,121.41714052208366
way,481992278,镇坪路,Zhenping Road,31.24853152767452,121.42707962152105
way,481992279,花木路,Huamu Road,31.213187688178873,121.5585671668759
way,481992281,杨高南路,South Yanggao Road,31.189676384411797,121.52011293037789
way,481992283,高科西路,West Gaoke Road,31.18767862086547,121.50516833745216
way,481992285,云台路,Yuntai Road,31.184222918489294,121.4959101032894
way,481992286,耀华路,Yaohua Road,31.180525413377907,121.49030502200439
way,481992287,后滩,Houtan,31.174051419952377,121.46937791137309
way,482002481,龙华中路,Middle Longhua Road,31.18603110733065,121.45270414395436
way,482002482,东安路,Dong'an Road,31.192517636465833,121.44995789322357
way,482002483,肇嘉浜路,Zhaojiabang Road,31.201289778902776,121.44583553579086
way,482002484,常熟路,Changshu Road,31.215381051129786,121.44453668750216
way,482002486,静安寺,Jing'an Temple,31.224923154920482,121.4439184035448
way,482002489,昌平路,Changping Road,31.235460602871022,121.43814728073671
way,482002493,长寿路,Changshou Road,31.242781952601117,121.43391884546517
way,513228698,上海体育场,Shanghai Stadium,31.187415949999995,121.43916135
way,513228699,宜山路,Yishan Road,31.188578355359223,121.42292091023852
way,513237660,海伦路,Hailun Road,31.260911691122136,121.48509824056224
way,513237661,临平路,Linping Road,31.26299171303428,121.49646820949093
way,513237662,大连路,Dalian Road,31.260165045282942,121.50838908443245
way,513237663,杨树浦路,Yangshupu Road,31.25418294500604,121.5125161003303
way,513237664,浦东大道,Pudong Avenue,31.242070090459137,121.51503840988511
way,513247378,向城路,Xiangcheng Road,31.224625743731703,121.52777074870986
way,513247379,浦电路,Pudian Road,31.222202093735604,121.52463964871018
way,513247380,蓝村路,Lancun Road,31.21360944500154,121.5236642834549
way,513247381,塘桥,Tangqiao,31.21184556372964,121.51439091831776
way,513247382,南浦大桥,Nanpu Bridge,31.21040235,121.49501924999997
way,513247383,鲁班路,Luban Road,31.201078347317445,121.47056335890164
way,513247384,西藏南路,South Xizang Road,31.20360646472574,121.48511450048467
way,513247385,大木桥路,Damuqiao Road,31.1959980910711,121.4590029378237
way,513764717,人民广场,People's Square,31.234730887074427,121.4703283500927
way,513785708,上海火车站,Shanghai Railway Station,31.24906155427756,121.45120490654925
way,513798338,汉中路,Hanzhong Road,31.242626966973997,121.45453606118771
way,513798339,汉中路,Hanzhong Road,31.243668729299536,121.45418611021542
way,513885012,虹口足球场,Hongkou Football Stadium,31.271899387885494,121.47472358056969
way,514379251,杨高中路,Middle Yanggao Road,31.22952659603484,121.54405494050046
way,551373969,人民广场,People's Square,31.23505792305904,121.46862192732415
way,551373971,人民广场,People's Square,31.234551174867125,121.47082501071706
way,551376257,汉中路,Hanzhong Road,31.242551746109147,121.45434641410993
way,551395336,海伦路,Hailun Road,31.261171815104422,121.48429850118161
way,551396720,大连路,Dalian Road,31.25992403482175,121.50857796296674
way,551397819,上海体育馆,Shanghai Indoor Stadium,31.18465715259212,121.43256732977733
way,551872941,长寿路,Changshou Road,31.241735384555696,121.43377126908534
way,551876119,肇嘉浜路,Zhaojiabang Road,31.200596285764497,121.44591992756673
way,551881912,龙华中路,Middle Longhua Road,31.186345138231793,121.45169785519013
way,551886777,西藏南路,South Xizang Road,31.203736063651025,121.48511801946248
way,551889906,蓝村路,Lancun Road,31.213702506128755,121.52342371715126
way,551892154,东安路,Dong'an Road,31.193033032879182,121.45008596977232
way,551894141,大木桥路,Damuqiao Road,31.1956122045304,121.45945281055192
way,551896096,耀华路,Yaohua Road,31.180269340104147,121.49021634455094
way,551897548,高科西路,West Gaoke Road,31.18792318705754,121.50566726335633
way,551899680,罗山路,Luoshan Road,31.155583877033784,121.5890647004084
way,558909184,,,31.195966176053037,121.31378698119137
way,561166199,亭林,Tinglin,30.897201934011203,121.35435105806418
way,561175159,叶榭,Yexie,30.94230042972154,121.3252354784543
way,561190446,车墩,Chedun,31.007392612086292,121.31647165942941
way,575156171,汇臻路,Huizhen Road,31.027460324037268,121.52030012573735
way,575156172,东城一路,Dongchengyi Road,31.03266379296012,121.52780322866687
way,575156173,浦航路,Puhang Road,31.0431896,121.52632315000002
way,575156174,闵瑞路,Minrui road,31.05020027587,121.52606732469594
way,575156175,三鲁公路,Sanlu Highway,31.058292977074977,121.52304128433192
way,575156176,沈杜公路,Shendu Highway,31.063189001929278,121.50821011267361
way,593786640,中华艺术宫,China Art Museum,31.187193568472406,121.48935321493349
way,594098993,世博大道,Shibo Avenue,31.184629312599622,121.47982182591873
way,610744619,滴水湖,Dishui Lake,30.909306224587265,121.92576409596346
way,619428333,世纪公园,Century Park,31.211418449999996,121.5466162
way,656581018,奉浦大道,Fengpu Avenue,30.944131904954297,121.4444598510631
way,659455435,华夏中路,Middle Huaxia Road,31.17666074868363,121.5767253627329
way,659455437,陈春路,Chenchun Road,31.17698601284556,121.55386625178491
way,659455438,北蔡,Beicai,31.182163023483632,121.5478097594071
way,659455439,下南路,Xianan Road,31.18147461376726,121.53624943957786
way,659455440,华鹏路,Huapeng Road,31.178441544434545,121.52226050387803
way,659455441,东明路,Dongming Road,31.174817419638938,121.50746934191417
way,659455442,成山路,Chengshan Road,31.17348925,121.49301835
way,659455446,长清路,Changqing Road,31.175912018619808,121.48408995392244
way,659461025,张江路,Zhangjiang Road,31.19154209687158,121.62692664849294
way,659461028,学林路,Xuelin Road,31.18558435,121.61007195
way,659461032,中科路,Zhongke Road,31.181027700000005,121.59753935000002
way,659496852,江川路,Jiangchuan Road,31.007437700000004,121.41877815000001
way,659499082,西渡,Xidu,30.99125531636832,121.42781854057732
way,659499711,萧塘,Xiaotang,30.967855849999992,121.43740209999997
way,659506261,望园路,Wangyuan Road,30.9345961,121.47975414999999
way,659506262,环城东路,Huanchengdong Road,30.93309264081831,121.45888190901411
way,659508881,奉贤新城,Fengxian Xincheng,30.916313184978442,121.49153439934521
way,659508882,金海湖,Jinhai Lake,30.931087499999997,121.48772835
way,765729128,陈翔公路,Chenxiang Highway,31.308344526940452,121.30233940871628
way,765739888,基隆路,Jilong Road,31.353531227755262,121.58617793713887
way,765739890,高桥,Gaoqiao,31.354735831302698,121.55873116806995
way,765739891,高桥西,West Gaoqiao,31.35360901439449,121.54505160969168
way,765739893,双江路,Shuangjiang Road,31.355694950000004,121.53515785000002
way,765739894,国帆路,Guofan Road,31.341631500000005,121.50878234999999
way,766165365,,,31.172141906778904,121.43918091305738
way,900800801,紫竹高新区,Zizhu Hi-tech Park,31.025916981998595,121.44623990992906
way,900800802,永德路,Yongde Road,31.041186800000002,121.43853659999999
way,900800803,元江路,Yuanjiang Road,31.064776282511247,121.42726596063108
way,900800804,双柏路,Shuangbai Road,31.08519915,121.41711115000001
way,900800805,景西路,Jingxi Road,31.101516,121.41398905000001
way,900800806,虹梅南路,South Hongmei Road,31.105704982713466,121.42832279881686
way,900800807,曙建路,Shujian Road,31.09269640837582,121.41303415675242
way,900800808,景洪路,Jinghong Road,31.11375795539357,121.43598212271732
way,900800809,朱梅路,Zhumei Road,31.12616043467257,121.43318294931238
way,900800810,罗秀路,Luoxiu Road,31.133700435264732,121.43118736580874
way,900800811,华东理工大学,East China University of Science & Technology,31.146115686095467,121.42411706839387
way,900800812,上海南站,Shanghai South Railway Station,31.158516958748955,121.42603579394316
way,900800813,桂林公园,Guilin Park,31.169757064128756,121.41364573237449
way,900800814,桂林路,Guilin Road,31.1771926,121.411221
way,900800815,姚虹路,Yaohong Road,31.193346749999996,121.40144700000002
way,900800816,吴中路,Wuzhong Road,31.18605945373219,121.40925291238972
way,900800817,红宝石路,Hongbaoshi Road,31.20057848043403,121.39359354890207
way,900800819,长风公园,Changfeng Park,31.22690108204284,121.39145213951761
way,900800820,大渡河路,Daduhe Road,31.234697065486408,121.39130292263918
way,900800821,梅岭北路,North Meiling Road,31.245746114142893,121.39210222560058
way,900800822,铜川路,Tongchuan Road,31.253496650000006,121.39274595000002
way,900800823,上海西站,Shanghai West Railway Station,31.265098494996764,121.39672556396063
way,900800824,武威东路,East Wuwei Road,31.277147932881228,121.3874030002055
way,900800825,古浪路,Gulang Road,31.28523579999999,121.38751665000001
way,900800829,锦秋路,Jinqiu Road,31.32218844017912,121.37731522793744
way,900814440,御桥,Yuqiao,31.161329450000004,121.56721294999998
way,900814441,康桥,Kangqiao,31.1365059,121.56308769999998
way,900814442,周浦,Zhoupu,31.116741586169642,121.56343101864911
way,900814443,繁荣路,Fanrong Road,31.105626899999997,121.5661615
way,900814444,沈梅路,Shenmei Road,31.093909164494878,121.57574770294536
way,900814445,鹤涛路,Hetao Road,31.07433353659815,121.58181487054436
way,900814446,下沙,Xiasha,31.05678965,121.58481895
way,900814447,航头,Hangtou,31.0393345,121.59205019999999
way,996053682,浦西调车场,,31.038907757476224,121.46573418110715
way,1017067922,杨高中路,Middle Yanggao Road,31.228475943297592,121.54488889396934
way,1209934028,打浦桥,Dapuqiao,31.208401043511245,121.4638125860657
way,1270619366,上海赛车场,Shanghai Circuit,31.33387896999243,121.22166137644366
way,1302223694,嘉松中路站,,31.166000899563237,121.21964429930078
way,1318850840,桃浦车站,,31.29993328396294,121.38326160327256
way,1350825376,桂林路,Guilin Road,31.176730448023747,121.41373810264749
way,1350825377,漕河泾开发区,Caohejing Hi-Tech Park,31.17245438311533,121.39301904221315
way,1350825378,合川路,Hechuan Road,31.168436844170518,121.38027193061326
way,1350825379,星中路,Xingzhong Road,31.160002631905783,121.36406680654686
way,1350825380,七宝,Qibao,31.157404701514462,121.34505882513612
way,1350825381,中春路,Zhongchun Road,31.151261458843802,121.3329504321518
way,1350825382,九亭,Jiuting,31.139447076572186,121.3152134873466
way,1350826264,东方体育中心,Oriental Sports Center,31.15503564241934,121.47544279543027
way,1350827626,鞍山新村,Anshan Xincun,31.27527817938644,121.50517184235329
way,1353044513,六陈路(在建）,Liuchen Road（still in construction),31.152695525189824,121.70624139811821
way,1353044514,唐黄路(在建）,Tang Huang Road(still in construction),31.1461460548834,121.68118496541331
way,1353044514,唐黄路(在建）,Tang Huang Road(still in construction),31.1461460548834,121.68118496541331
way,1353046660,申江南路(在建）,South Shenjiang Road（still in construction),31.14076247662683,121.62194818436153
way,1353046664,康南路(在建）,Kangnan Road（still in construction),31.16797323543761,121.6139754354367
way,1353046666,军民路(在建）,Junmin Road（still in construction),31.17639775732081,121.61098674839893
way,1354602377,长江西路,,31.34811214284116,121.47054160214765
way,1354602378,通南路,,31.33955201915098,121.47521732096612
way,1354602380,爱辉路,,31.346009524503852,121.4446361434695
way,1354602381,呼兰路,,31.341332146582918,121.43048173014411
way,1354602382,康文路,,31.337211837153127,121.41444085348789
way,1354660046,七莘路,Qixin Road,31.132992465999862,121.35725915049274
way,1354660054,场东路,,31.101811088089043,121.35263980525313
way,1354660057,场西路,,31.095376687112196,121.33503574311332
way,1354660065,千帆路,,31.09426102555431,121.32052529308858
way,1354660068,同乐路,,31.09504799058912,121.26500467618932
way,1354660070,刘五公路,,31.091576554572605,121.24321256428222
way,1354660075,洞泾,,31.08816225706201,121.22748231482447
way,1355090303,高科中路,,31.206771266897164,121.62934781082174
way,1355090305,丹桂路,,31.223925066791153,121.62856025452227
way,1355136293,金运路,Jinyun Road,31.242804647577444,121.31482497195961
way,1355136297,纪翟路,,31.23225463789613,121.274841175847
way,1355136299,前湾公园,,31.2213000562313,121.26934794820963
way,1355136302,季乐路,,31.214195197694252,121.2729978082476
way,1355136305,运乐路,,31.205687779407015,121.27979749838515
way,1355316014,长江南路,South Changjiang Road,31.33469070433237,121.48400746897565
way,1355316018,江杨南路,,31.35186980423772,121.46201940220813
way,1356628705,徐泾北城,Xujingbeicheng,31.177462024232597,121.23732224328892
way,1358994205,虹建路,,31.086245666307622,121.44050782736387
way,1358994208,联曹路,,31.09908671382256,121.43872622006495
way,1358994217,景洪路,,31.11355612493604,121.43647881101327
way,1359021315,华泾路,,31.122109408560892,121.4506144997648
way,1359021316,,,31.122166374832954,121.45076040686925
way,1359021317,三林南,,31.12842798815833,121.48378696675474
way,1359266580,凌兆新村,,31.14118598588259,121.48304546641059
way,1359266588,凌兆新村,Lingzhao Xincun,31.143027795041665,121.48488957419488
way,1359266607,东方体育中心,,31.15824722700064,121.4767166574683
way,1359273456,德州路,,31.16633462882041,121.4735715082832
way,1359273458,后滩,,31.17652438034704,121.46935914630306
way,1359273467,世博大道,,31.183106277164953,121.47735678812386
way,1359273476,中华艺术宫南,,31.184445482432427,121.48949170341484
way,1359273477,中华艺术宫南（在建）,south china art stadium(still in construction),31.18565876385858,121.49169291986274
way,1359488767,华丰路,,31.193556056131385,121.50185537647499
way,1359488769,华丰路(在建）,Hua Feng Road(still in construction),31.193013333896513,121.50155081349712
way,1359488770,南码头路,,31.198952571711978,121.50529677508224
way,1359488771,南码头路（在建）,south Harbor Road,31.198684450828424,121.50508876307545
way,1359488773,塘桥,,31.21355946995605,121.51322720123382
way,1359488776,潍坊路（在建）,Wei Fang Road(still in construction),31.22366779647099,121.51385576663233
way,1359488781,商城路,Shangcheng Road,31.232538376426714,121.51236841401938
way,1359488785,浦东南路,,31.23780716088489,121.50790369054509
way,1359488787,浦东南路,South Pudong Road,31.24063028311537,121.50814584829851
way,1359488791,商城路,,31.233018019511242,121.51050278047761
way,1359591069,提篮桥,,31.256638479918834,121.5004884535536
way,1359591070,提篮桥,Tilanqiao,31.255436542124666,121.50234433515723
way,1359591073,周家嘴路(在建）,Zhou Jia Zui Road(still in construction),31.260793759073383,121.49638222729078
way,1359591082,海伦路,,31.262004440880833,121.48648175573128
way,1359594153,甜爱路(在建）,Tian Ai Road,31.265802733232306,121.47934184952055
way,1359594155,上海外国语大学（在建）,Shanghai international studies university(still in construction),31.276013161333722,121.47850390415063
way,1359748121,凉城路(规划）,Liang Cheng Road(planning),31.281231190837907,121.46557565305211
way,1359748123,凉城路(在建）,Liang Cheng Road（still in construction),31.28108687820319,121.46614916826246
way,1359748125,广灵四路(在建）,Guang Ling Fourth Road(still in construction),31.289668988508453,121.46174152054074
way,1359748127,车站北路(在建）,North Station Road(still in construction,31.29782506022433,121.46294830708486
way,1359748129,虹湾路(在建）,Hong Wan Road(still in construction),31.314005755496684,121.46379817260517
way,1359748131,一二八纪念路（在建）,January 18th Memorial Day Road(still in construction),31.331643085375774,121.4630731135931
way,1359748139,呼玛路,,31.34517563324516,121.45928359231131
way,1359772207,泰和路(在建）,Tai He Road(still in construction),31.364869469448788,121.46315642629598
way,1359772211,兰岗路,,31.378476907363513,121.4569522261372
way,1359772227,铁山路,,31.38671924477107,121.45112015856861
way,1359772230,铁通路,,31.394233693645987,121.44794665529186
way,1359772232,宝山站,,31.40478942892679,121.44210423894272
way,1359772239,上海宝山站（在建）,Shanghai Bao Shan station(still in construction),31.403693610060785,121.44244324153019
way,1362898132,兰香湖南路,South Lanxianghu Road,31.015965124552586,121.45112056550647
way,1362898133,汇丰北路,North Huifeng Road,30.970137506705324,121.46616370594094
way,1362898136,东方美谷大道,Oriental Beauty Valley Avenue,30.95217443944897,121.47194932332887
way,1362898138,望园路,Wangyuan Road,30.93633423754852,121.47737526888265
way,1362898151,西闸公路（暂名，预留）,,31.003439457210142,121.45611775979592
way,1363229597,定边路,Dingbian Road,31.258265872091698,121.35770487128408
way,1383701253,共青森林公园,,31.31726609433562,121.54193719727523
way,1383701256,浦东北路,,31.318129226309114,121.57712839805573
way,1383701263,张扬北路,,31.318424935322003,121.58674381088
way,1383701266,台南西路,,31.318319616106404,121.60420745109501
way,1383701267,北新园路,,31.32245376104457,121.62595716449309
way,1383725119,嫩江路,Nenjiang Road,31.31674975919335,121.52749237663305
way,1383725122,嫩江路,,31.31678618536123,121.5263593421164
way,1383725124,上海体育大学,,31.316807462897188,121.51861304760726
way,1383725132,三门路,Sanmen Road,31.31525164706149,121.5038914595336
way,1383725134,三门路,,31.315014115674952,121.50608484253912
way,1383725140,上海财经大学,,31.309983311041744,121.49363535002337
way,1383725143,上海财经大学,Shanghai University of Finance and Economics,31.310587785389146,121.49187954704847
way,1383725146,江湾镇,,31.309939349010577,121.48248422859147
way,1383725148,万安路,,31.303236525297564,121.47143111849502
way,1383725150,车站南路,,31.294861475235273,121.47260092988603
way,1383725162,延长路,Yanchang Road,31.273356247736555,121.45068540605335
way,1383725164,上海马戏城,Shanghai Circus World,31.28178289176875,121.44730171507861
way,1383725168,上海马戏城,,31.280661380810198,121.44544595058434
way,1383725170,大宁公园,,31.277315507845014,121.43298081359606
way,1383725171,大宁公园（在建）,Da Ning Park(still in construction),31.277498031707278,121.43340388938702
way,1383748436,平利路(在建）,Ping Li Road(still in construction),31.270232576256653,121.42577973823347
way,1383748439,新村路(在建）,,31.266862201072968,121.42132230700226
way,1383748444,真华路,,31.26367711495832,121.40759814284417
way,1383748446,上海西站,,31.265817667222603,121.3965433572624
way,1383748455,金昌路,,31.268408554609213,121.38314486176135
way,1383762152,李子园,Liziyuan,31.270761491967136,121.38533740721826
way,1383762153,上海西站,Shanghai West Railway Station,31.26459963170187,121.39605225688096
way,1394177936,东靖路,Dongjing Road,31.29378528046759,121.58745744390905
way,1394177940,杨高北路,North Yanggao Road,31.283381603095133,121.6005255988485
way,1394177941,杨高北路,North Yanggao Road,31.282275014477435,121.59855768422825
way,1394177943,凌河路(在建）,Linghe Road（still in construction),31.274142308327527,121.6005064210064
way,1394177951,金桥,Jinqiao,31.260176569262285,121.60452623072189
way,1394177953,云桥路（在建）,Yunqiao Road（still in construction),31.25261614495787,121.61017537573197
way,1447963395,滴水湖北,,30.928824348846067,121.9368695626435
way,1447963870,星海湾路,,30.95902415461987,121.9370188149861
way,1447971051,鹏翔路,,31.091551167876442,121.83113601292106
way,1447988742,上海东站,,31.122398826638346,121.78135580344473
way,1448140610,前湾公园,,31.222097758668603,121.26689351717405
way,1451068866,城北路,,31.396024064030208,121.23128880414374
way,1451071442,南翔站,,31.297333924841045,121.31925617165682
way,1451101220,北翟路,,31.22147779235051,121.31745045399327
way,1451108465,金运路,,31.24072056395087,121.31589145735744
way,1451108466,乐秀路,,31.26698826834015,121.30922054741694
way,1451108468,嘉定新城东,,31.352327315421505,121.28982041037803
way,1451108471,叶城路,,31.378047859606536,121.2768584242433
way,1451108472,新成路,,31.405540235312255,121.25994399476346
way,1451108473,申滨南路,,31.17695369034527,121.32397521260368
way,1451110855,银都路,,31.08998516984039,121.385801508522
way,1451110856,莘建东路,,31.109960411741245,121.37566097565822
way,1451110857,七莘路,,31.132297888255646,121.36087842680587
way,1451110858,七宝北,,31.166104766725137,121.33863434239882
way,1451115455,七宝,,31.15546727254119,121.34479348144963
way,1452905933,,,31.111668484354457,121.43712400814063
way,1465710917,石湖荡,Shihudang,30.98209105083423,121.12397374838974
