station_id,name_en,lat,lon,subsidence_rate,population
12140828482,Yu'an （still in construction),31.5252521,121.8580994,-15.74323463,1
12140828481,Dongtan（still in construction),31.5022577,121.8513696,-15.7218771,0
12103986925,North Di Shui Lake(still in construction),30.9276996,121.9368471,-15.656991,0
610744619,Dishui Lake,30.90930622,121.9257641,-15.62943649,21
12140828479,Chenjia Town（still in construction),31.4927315,121.7882001,-15.60378838,4
4562133847,Lingang Avenue,30.925954,121.9065641,-15.60118866,3
12103946939,Pengxiang Road (still in construction),31.0916981,121.831029,-15.52669144,2
460584077,Shuyuan,30.96157755,121.846355,-15.50327206,9
12042988431,Pudong Airport Terminal 1&2,31.1522997,121.8012679,-15.4946413,87
108731268,Haitiansan Road,31.17053201,121.7926206,-15.48506165,11
1551695122,Luchaogang,30.8875251,121.8466639,-15.47482872,14
12222691497,Shanghai East Railway Station（still in construction),31.1216364,121.7776989,-15.43922424,2
12140814900,Changxing Island（still in construction),31.3930867,121.7179172,-15.43419743,13
460584075,East Huinan,31.02862438,121.7895151,-15.42403507,11
12222691496,Jinwen Road（still in construction),31.1195899,121.7690328,-15.42226315,32
108731265,Yuandong Avenue,31.20141112,121.7509828,-15.4208765,30
12222691495,Wenju Road（still in construction),31.1325925,121.7596038,-15.4092741,44
12222691494,Shi Xin Road（still in construction),31.1514548,121.7535442,-15.40572548,88
4562133829,Huinan,31.056003,121.7573174,-15.37386036,100
605037023,Lingkong Road,31.194826,121.7195131,-15.35904503,21
10983613121,Caolu (in planning),31.2830651,121.6983239,-15.35364532,2
1353044513,Liuchen Road（still in construction),31.15269553,121.7062414,-15.31689262,20
5308162422,Caolu,31.273409,121.6784911,-15.31301498,35
605032163,Chuansha,31.1887574,121.6936866,-15.30740356,88
12144502309,North Lingkong Road（still in construction),31.2957169,121.6681085,-15.30208206,33
5308162423,Minlei Road,31.2704573,121.663802,-15.28347492,88
605037513,East Huaxia Road,31.1988574,121.6767066,-15.27897739,136
605027658,Middle Chuangxin Road,31.2155336,121.6698203,-15.27272224,10
12042988433,Shanghai International Resort,31.1585237,121.6759116,-15.2609396,8
5312291904,Gutang Road,31.2682621,121.6522724,-15.26068592,76
12222691492,Tanghuang Road（still in construction),31.1454455,121.6781147,-15.26060677,9
460584064,Wild Animal Park,31.05242591,121.6948437,-15.25403309,15
605027433,Tangzhen,31.2163796,121.6518673,-15.23851967,18
328426738,Disney Resort,31.14343059,121.6637174,-15.23185253,27
5306468326,Jinhai Road,31.2653459,121.634452,-15.22497272,47
9382111954,Guiqiao Road,31.2526202,121.6309638,-15.21335316,29
12144502308,Gaobao Road,31.2925132,121.6210656,-15.21130276,37
5306468325,Shenjiang Road,31.2823166,121.6226106,-15.21005535,31
5308162425,Jinji Road,31.2666619,121.6247128,-15.20727253,38
9382102244,Jinyue Road,31.2443209,121.6247466,-15.19820213,117
5306468324,Jinjing Road,31.2818724,121.6107908,-15.18707371,125
659461025,Zhangjiang Road,31.1915421,121.6269266,-15.18066692,27
146701287,South Waigaoqiao Free Trade Zone,31.32376553,121.5977257,-15.17876244,21
12222691463,Pudong Football Stadium（still in construction),31.2421998,121.6127278,-15.17444324,2
1394177953,Yunqiao Road（still in construction),31.25261614,121.6101754,-15.17389011,98
5308162426,Jinqiao,31.2631226,121.6072181,-15.17226887,66
9382098491,Pudong Football Stadium,31.2437063,121.6107535,-15.17096996,26
605025081,Guanglan Road,31.2131129,121.616873,-15.17011166,34
765739888,Jilong Road,31.35353123,121.5861779,-15.16980076,50
146701290,Hangjin Road,31.33751535,121.5897812,-15.16938305,77
1394177940,North Yanggao Road,31.2833816,121.6005256,-15.1685133,50
12222691483,Longdong Avenue（still in construction),31.2228632,121.6126851,-15.1664772,40
1394177943,Linghe Road（still in construction),31.27414231,121.6005064,-15.16452026,59
146701286,North Waigaoqiao Free Trade Zone,31.34995126,121.5826941,-15.16094589,107
460592067,Xinchang,31.0478433,121.6447327,-15.1559,16
12222691485,Gaosi Road（still in construction),31.2021249,121.6090151,-15.1512785,145
146701289,Zhouhai Road,31.31439945,121.585197,-15.15112877,67
1353046660,South Shenjiang Road（still in construction),31.14076248,121.6219482,-15.14990234,14
1353046664,Kangnan Road（still in construction),31.16797324,121.6139754,-15.1469841,13
146701243,Wuzhou Avenue,31.30469218,121.5851041,-15.1468935,14
659461028,Xuelin Road,31.18558435,121.610072,-15.14630032,30
12222691486,Zhangheng Road（still in construction),31.1940038,121.6080916,-15.14583015,66
1353046666,Junmin Road（still in construction),31.17639776,121.6109867,-15.14436436,6
12519546106,Xue Lin Road(still in construction),31.1860407,121.6088323,-15.14385319,23
5308162427,Taierzhuang Road,31.2544453,121.5931398,-15.1419096,95
9382078474,Yunshun Road,31.2392917,121.5964372,-15.14133072,90
146701242,Dongjing Road,31.29280627,121.5846216,-15.14121056,55
136084475,Gangcheng Road,31.35525721,121.5706031,-15.13974667,53
5306468322,Jufeng Road,31.2823103,121.5851422,-15.13787079,93
12222691490,East Kangqiao（still in construction),31.1484341,121.6127875,-15.13585186,4
12042988434,East Kangqiao,31.149121,121.611222,-15.1331749,2
146701244,Wulian Road,31.27415187,121.5837531,-15.1319294,94
605024325,Jinke Road,31.2064028,121.597836,-15.13084221,59
4269627924,Kangxin Highway,31.1326897,121.6131827,-15.13039207,22
5306536058,Boxing Road,31.2661406,121.5826511,-15.126647,156
9382067085,Huangyang Road,31.2359808,121.5862834,-15.12087154,17
659461032,Zhongke Road,31.1810277,121.5975394,-15.12032986,41
12735998360,Donglu Road,31.2846873,121.5746438,-15.11886311,154
10983613043,Waigaoqiao (still in construction),31.3660141,121.5572171,-15.1181097,2
765739890,Gaoqiao,31.35473583,121.5587312,-15.11630821,31
5306536057,Jinqiao Road,31.2593229,121.5775913,-15.11403656,120
470637744,Zhangjiang Hi-Tech Park,31.2039914,121.5833523,-15.10196495,127
460592056,East Zhoupu,31.11235269,121.6027294,-15.10143948,10
5308162428,Lantian Road,31.243219,121.5736362,-15.09938526,53
460592064,East Hangtou,31.05727899,121.6132644,-15.09911919,12
460592061,Heshahangcheng,31.08005908,121.6070663,-15.09674072,13
2914198802,Xiuyan Road,31.1403484,121.5942175,-15.09647846,26
446115662,Luoshan Road,31.155516,121.5888668,-15.09235001,15
5306536056,Yunshan Road,31.252114,121.5677749,-15.09148026,137
765739891,West Gaoqiao,31.35360901,121.5450516,-15.08985806,79
5306464720,Fuxing Island,31.2830231,121.5569642,-15.08310223,155
460592049,Middle Huaxia Road,31.17802841,121.5789171,-15.08206654,13
5306536055,Deping Road,31.2476236,121.5600894,-15.07532024,91
765739893,Shuangjiang Road,31.35569495,121.5351579,-15.07147598,83
9382082818,Longju Road,31.2594736,121.5547025,-15.06976986,186
12811092054,Gong Qing Forest Park(planned),31.3173522,121.5420719,-15.06899071,27
5306464719,Aiguo Road,31.2819802,121.5482806,-15.06643391,168
5308162429,Fangdian Road,31.2343994,121.5544198,-15.05834484,20
481992279,Huamu Road,31.21318769,121.5585672,-15.05798912,59
5306595215,Yuqiao,31.1607277,121.5674635,-15.05293751,133
9382076276,Xiepu Road,31.2526656,121.547042,-15.0521307,124
900814447,Hangtou,31.0393345,121.5920502,-15.05051136,24
5306464718,Longchang Road,31.2776265,121.5407047,-15.04977989,239
5306536054,Beiyangjing Road,31.2411683,121.5477984,-15.04829121,187
19631195,Lianxi Road,31.17168884,121.5618515,-15.04655075,133
900814445,Hetao Road,31.07433354,121.5818149,-15.04475784,55
9008134438,Longyang Road,31.2046984,121.5535315,-15.04447842,42
5306355611,Shiguang Road,31.3247936,121.5276336,-15.04407978,197
9381124227,Beizhong Road,31.1852344,121.5571091,-15.04341412,149
900814446,Xiasha,31.05678965,121.584819,-15.04324532,80
9381124228,Fangxin Road,31.193162,121.5550397,-15.04255295,132
900814444,Shenmei Road,31.09390916,121.5757477,-15.04132938,31
1383725119,Nenjiang Road,31.31674976,121.5274924,-15.04067516,206
9381124229,Yingchun Road,31.2232213,121.5467582,-15.03891659,135
5306355609,Xiangyin Road,31.3071133,121.5275779,-15.03666687,222
514379251,Middle Yanggao Road,31.2295266,121.5440549,-15.03639221,77
5306355607,Middle Yanji Road,31.2907317,121.5306115,-15.03584099,167
5306355608,Huangxing Park,31.2978586,121.5288185,-15.0348959,191
900814441,Kangqiao,31.1365059,121.5630877,-15.03445816,86
619428333,Century Park,31.21141845,121.5466162,-15.03409958,105
659455437,Chenchun Road,31.17698601,121.5538663,-15.03345299,37
5306536053,Minsheng Road,31.2383036,121.5402665,-15.03253841,134
900814443,Fanrong Road,31.1056269,121.5661615,-15.02767277,110
9381124225,Changyi Road,31.2460058,121.5357325,-15.02665901,150
900814442,Zhoupu,31.11674159,121.563431,-15.02628231,143
461892472,Fanghua Road,31.19532985,121.5457808,-15.02483559,57
659455438,Beicai,31.18216302,121.5478098,-15.02364445,137
12811298345,Shanghai University of Sport（planning),31.3168556,121.5186024,-15.02310848,216
471016943,Shanghai Science & Technology Museum,31.2218914,121.5386617,-15.02286243,97
5306464717,Ningguo Road,31.2706832,121.5283015,-15.02240658,273
5306355606,Huangxing Road,31.2809549,121.5240955,-15.0190258,215
12210717559,Kangheng Road,31.1564411,121.5492931,-15.01547337,8
765739894,Guofan Road,31.3416315,121.5087824,-15.01422787,82
9381127893,Danyang Road,31.2569051,121.5260504,-15.01269341,250
5306536052,Yuanshen Sports Centre,31.2350364,121.5298954,-15.01059055,160
9382030652,Yuanshen Road,31.2433745,121.5264996,-15.00822258,195
9381158917,Pingliang Road,31.2610517,121.52253,-15.00756454,264
478613740,Jinxiu Road,31.18975044,121.5356978,-15.00302887,86
5306464716,Jiangpu Park,31.2665507,121.5193261,-15.0029726,238
513247378,Xiangcheng Road,31.22462574,121.5277707,-15.00235271,188
5306444972,Jiangwan Stadium,31.3050228,121.5099408,-15.00085926,251
659455439,Xianan Road,31.18147461,121.5362494,-15.00068569,177
5306444971,Wujiaochang,31.2997402,121.5100685,-14.99928188,200
5306355605,Jiangpu Road,31.2769932,121.5141937,-14.99769115,234
5306444975,Xinjiangwancheng,31.3307804,121.5023484,-14.99669266,71
9381199385,Fushun Road,31.2860526,121.5113331,-14.99584579,200
513247379,Pudian Road,31.22220209,121.5246396,-14.99520016,163
5314277881,Century Avenue,31.2306936,121.5229001,-14.99510956,45
5306444974,East Yingao Road,31.3238015,121.5024309,-14.99373436,22
406423634,Zhanghuabang,31.36001029,121.4942142,-14.99363899,77
1383725132,Sanmen Road,31.31525165,121.5038915,-14.99317265,96
406423633,Songfa Road,31.34717006,121.4959577,-14.99115372,71
513247380,Lancun Road,31.21360945,121.5236643,-14.98962212,137
168481748,Songbin Road,31.37300609,121.4882527,-14.98750496,139
5306444970,Guoquan Road,31.2912548,121.5055912,-14.98703194,256
2448270625,Pusan Road,31.1531902,121.5350543,-14.98691845,88
513237663,Yangshupu Road,31.25418295,121.5125161,-14.98525524,201
9382055039,Pudong Avenue,31.2424141,121.5149488,-14.984231,152
406423632,Shuichan Road,31.38328186,121.4836827,-14.9825573,110
5306355604,Anshan Xincun,31.2752636,121.5051698,-14.97909641,273
513237662,Dalian Road,31.26016505,121.5083891,-14.97907543,181
5306536051,Shanghai Children's Medical Center,31.2061476,121.5195474,-14.97876072,130
5306444969,Tongji University,31.2844191,121.5020648,-14.97745705,94
1359488781,Shangcheng Road,31.23253838,121.5123684,-14.97508907,119
1359488776,Wei Fang Road(still in construction),31.2236678,121.5138558,-14.9744997,204
264602662,South Pudong Road,31.23538205,121.5111161,-14.97426033,123
481992281,South Yanggao Road,31.18967638,121.5201129,-14.97290802,81
9381674419,Yingao Road,31.3235982,121.4909886,-14.97216034,77
97653687,Baoyang Road,31.39722392,121.4750613,-14.97186756,46
659455440,Huapeng Road,31.17844154,121.5222605,-14.97183037,47
513247381,Tangqiao,31.21184556,121.5143909,-14.97041607,182
9381675519,Fudan University,31.2982596,121.4953727,-14.96940327,180
97666208,South Changjiang Road,31.33401331,121.4870593,-14.96884251,54
1383725143,Shanghai University of Finance and Economics,31.31058779,121.4918795,-14.96794605,200
97653686,Youyi Road,31.40592758,121.4713819,-14.9676218,78
1359591070,Tilanqiao,31.25543654,121.5023443,-14.96533871,163
5306355603,Siping Road,31.2768579,121.496992,-14.96435642,204
5306536050,Linyi Xincun,31.1958017,121.5131584,-14.96152782,90
513237661,Linping Road,31.26299171,121.4964682,-14.95671558,296
1359591073,Zhou Jia Zui Road(still in construction),31.26079376,121.4963822,-14.95552158,288
2448270609,East Sanlin,31.1486404,121.5188767,-14.95244026,124
97666199,West Yin'gao Road,31.32194982,121.4804316,-14.95013332,94
9381985702,Lujiazui,31.2369216,121.4979194,-14.94848061,116
1359488771,south Harbor Road,31.19868445,121.5050888,-14.94734097,159
5306464714,International Cruise Terminal,31.2521438,121.4939618,-14.94730663,90
5306444968,Youdian Xincun,31.2704149,121.4898084,-14.94699669,255
9836022368,Jiangwan Town,31.3074899,121.4805955,-14.94484615,175
5306536048,Gaoqing Road,31.1614947,121.5113016,-14.94339848,51
5306355602,Quyang Road,31.278536,121.4857918,-14.94235897,293
481992283,West Gaoke Road,31.18767862,121.5051683,-14.94221497,114
97566894,Tieli Road,31.40995054,121.4567133,-14.94070816,109
5306536049,Dongming Road,31.1747979,121.5065829,-14.93994904,129
1359488769,Hua Feng Road(still in construction),31.19301333,121.5015508,-14.93781948,160
5306536047,West Huaxia Road,31.1519915,121.5103152,-14.93744755,36
1359772207,Tai He Road(still in construction),31.36486947,121.4631564,-14.93478775,129
513237660,Hailun Road,31.26091169,121.4850982,-14.93435669,287
5306402956,Xiaonanmen,31.2190076,121.4940577,-14.93424702,315
97671079,Dabaishu,31.29141102,121.4786881,-14.93408966,270
513247382,Nanpu Bridge,31.21040235,121.4950192,-14.93233395,110
2448270629,Sanlin,31.1453958,121.507929,-14.92935085,97
97671076,Chifeng Road,31.28318844,121.477927,-14.92874432,192
12586870178,Lan Gang Road(still in construction),31.3779503,121.4572994,-14.92857265,69
1359594155,Shanghai international studies university(still in construction),31.27601316,121.4785039,-14.927742,193
13192138989,South Jiang Yang Road(still in construction),31.3519942,121.4615814,-14.92639351,39
575156174,Minrui road,31.05020028,121.5260673,-14.92551517,41
12811298601,Wan An Road(planning),31.3032122,121.4716021,-14.92541313,232
1359594153,Tian Ai Road,31.26580273,121.4793418,-14.92414856,270
12811298578,South Station Road（Planning),31.2948661,121.472694,-14.92378807,125
575156175,Sanlu Highway,31.05829298,121.5230413,-14.92288113,19
575156173,Puhang Road,31.0431896,121.5263232,-14.9226675,54
481992285,Yuntai Road,31.18422292,121.4959101,-14.92215919,152
575156172,Dongchengyi Road,31.03266379,121.5278032,-14.92123413,57
5306536046,Shangnan Road,31.1511939,121.5019944,-14.92099094,123
1359748131,January 18th Memorial Day Road(still in construction),31.33164309,121.4630731,-14.92069626,70
12586870358,Tie Shan Road(still in construction),31.3864261,121.4512341,-14.92020798,104
5306444967,North Sichuan Road,31.2537236,121.4794725,-14.92009163,158
144554242,Hongkou Football Stadium,31.27324429,121.4747311,-14.91826248,206
5306444965,Yuyuan Garden,31.2299254,121.4828695,-14.91594505,245
144554239,Dongbaoxing Road,31.26182721,121.475705,-14.91563129,274
1359273477,south china art stadium(still in construction),31.18565876,121.4916929,-14.91471958,126
1359748129,Hong Wan Road(still in construction),31.31400576,121.4637982,-14.91409969,279
468916502,East Nanjing Road,31.2391239,121.4792291,-14.91292,248
5306444966,Tiantong Road,31.2457501,121.4778075,-14.91265202,216
593786640,China Art Museum,31.18719357,121.4893532,-14.91087723,161
481992286,Yaohua Road,31.18052541,121.490305,-14.90989685,103
513247384,South Xizang Road,31.20360646,121.4851145,-14.90981674,193
5306355594,Chengshan Road,31.1727623,121.4917772,-14.90951824,151
1359772239,Shanghai Bao Shan station(still in construction),31.40369361,121.4424432,-14.90944386,127
10983612982,Shanghai Baoshan (under construction),31.4050945,121.441346,-14.90828991,112
2849812227,Yanghang Railway Station,31.3758686,121.4474062,-14.9076252,46
5306355596,Lujiabang Road,31.2138544,121.4814802,-14.90724277,331
1359748123,Liang Cheng Road（still in construction),31.28108688,121.4661492,-14.90526581,223
1359748127,North Station Road(still in construction,31.29782506,121.4629483,-14.90524864,234
97550426,Baoshan Road,31.25345759,121.4717919,-14.90437126,180
1359748121,Liang Cheng Road(planning),31.28123119,121.4655757,-14.90412617,228
575156171,Huizhen Road,31.02746032,121.5203001,-14.90398407,53
5306355597,Laoximen,31.2208466,121.4784338,-14.90312862,189
5306355593,Yangsi,31.1630199,121.4890118,-14.90029907,149
5306355598,Dashijie,31.2291468,121.4749289,-14.89983463,258
1359748125,Guang Ling Fourth Road(still in construction),31.28966899,121.4617415,-14.89974403,252
97560779,North Jiangyang Road,31.40966901,121.4352088,-14.89874172,24
169044394,Pujiang Town,31.09862738,121.5018754,-14.89822006,29
5306536045,South Lingyan Road,31.1507738,121.4908095,-14.89793587,91
169043149,Jiangyue Road,31.08630856,121.5042127,-14.89734745,38
169043150,Lianhang Road,31.0756317,121.5062084,-14.89675426,11
5306355601,North Xizang Road,31.265566,121.4645728,-14.89529705,209
169039066,Shendu Highway,31.06349281,121.5079102,-14.89417267,20
513764717,People's Square,31.23473089,121.4703284,-14.89314938,234
5306477817,World Expo Museum,31.1992369,121.4770974,-14.89206314,246
478643154,Changqing Road,31.17664515,121.4817087,-14.89140987,150
5306355590,Luheng Road,31.1202135,121.4938183,-14.8911705,37
594098993,Shibo Avenue,31.18462931,121.4798218,-14.89066982,96
5306355599,Qufu Road,31.244194,121.4669569,-14.8904562,181
5306355600,Zhongxing Road,31.255078,121.4643534,-14.89003754,191
471016169,Site of the First CPC National Congress·South Huangpi Road,31.2249337,121.4693495,-14.88735199,243
5306402955,Madang Road,31.2112829,121.4720292,-14.8871851,215
5306444964,Site of the First CPC National Congress·Xintiandi,31.2180993,121.4699438,-14.88528252,250
848234307,Beijiao Railway Station,31.3048976,121.4508603,-14.88471127,20
469787970,Xinzha Road,31.2405472,121.4636467,-14.88316345,323
1359266588,Lingzhao Xincun,31.1430278,121.4848896,-14.88309193,52
513247383,Luban Road,31.20107835,121.4705634,-14.88009548,286
4559664369,Gongkang Road,31.3217011,121.4420271,-14.87449551,139
469788001,North Zhongshan Road,31.2614891,121.45447,-14.87292671,273
4559664370,Pengpu Xincun,31.3074944,121.4439361,-14.87201309,117
12042988435,South Sanlin,31.1280131,121.4820207,-14.87174416,8
12581620575,De Zhou Road(still in construction),31.1663661,121.47365,-14.87132454,28
1383725162,Yanchang Road,31.27335625,121.4506854,-14.87125683,206
4559664371,Wenshui Road,31.2945322,121.4455881,-14.8704319,39
5306355592,Oriental Sports Center,31.1554593,121.4758296,-14.8704319,92
5306402952,Dapuqiao,31.2082336,121.4640097,-14.86977959,325
5306477815,Shanghai Natural History Museum,31.2377862,121.457925,-14.86957455,256
4559664358,Tonghe Xincun,31.3329517,121.4369064,-14.86886692,117
1383725164,Shanghai Circus World,31.28178289,121.4473017,-14.8679018,196
5306477816,Middle Huaihai Road,31.2218467,121.4598334,-14.86711216,347
97546596,Shanghai Railway Station,31.25170504,121.4531891,-14.86663055,53
513798338,Hanzhong Road,31.24262697,121.4545361,-14.86593914,283
481992287,Houtan,31.17405142,121.4693779,-14.86569023,148
460289575,Hulan Road,31.34157452,121.4330794,-14.86531734,120
376655899,Bao'an Highway,31.37140555,121.4262591,-14.86454868,82
460289574,Gongfu Xincun,31.3569381,121.4294324,-14.8640995,12
471088265,West Nanjing Road,31.2318255,121.4560232,-14.86392117,276
376655903,West Youyi Road,31.3829417,121.4233187,-14.86327553,87
7161749775,Shanghai,31.2515568,121.4511645,-14.86278057,8
376655900,Fujin Road,31.39411461,121.4199194,-14.86120701,60
471015395,South Shaanxi Road,31.2188995,121.4552697,-14.85682297,284
513247385,Damuqiao Road,31.19599809,121.4590029,-14.85482311,225
5306402951,Jiashan Road,31.2046319,121.456367,-14.85257244,163
4571430228,Changshu Road,31.2151666,121.4464856,-14.83844376,220
1383725171,Da Ning Park(still in construction),31.27749803,121.4334039,-14.83828449,139
482002481,Middle Longhua Road,31.18603111,121.4527041,-14.83782768,119
5306477814,Jiangning Road,31.2461078,121.4398643,-14.83770657,276
97533050,Zhongtan Road,31.25644099,121.4364057,-14.8350935,210
482002482,Dong'an Road,31.19251764,121.4499579,-14.83439636,175
4241260093,Jing'an Temple,31.2252923,121.4421389,-14.83344078,153
2448270639,Yunjin Road,31.1695006,121.4538663,-14.83283615,97
2448270617,Longyao Road,31.1615085,121.4551734,-14.8322506,145
482002483,Zhaojiabang Road,31.20128978,121.4458355,-14.83053875,252
482002489,Changping Road,31.2354606,121.4381473,-14.83003426,235
2448270613,Longhua,31.1748452,121.4486885,-14.82494068,88
471014085,Hengshan Road,31.2064527,121.4419408,-14.82488441,231
482002493,Changshou Road,31.24278195,121.4339188,-14.82427883,281
5306444960,Shanghai Library,31.2100122,121.4396546,-14.82231903,198
1383748436,Ping Li Road(still in construction),31.27023258,121.4257797,-14.820014,174
9381931089,Wuding Road,31.2294501,121.4311464,-14.81370831,226
513228698,Shanghai Stadium,31.18741595,121.4391614,-14.81157589,178
481992274,Xingzhi Road,31.28592836,121.4171585,-14.81003475,153
71799648,Zhenping Road,31.24819285,121.4251516,-14.80957603,257
481992275,Dahuasan Road,31.27562216,121.4184924,-14.80848694,152
5306477813,Wuning Road,31.2363368,121.4260872,-14.80651188,247
12578703760,Hua Jin Road(still in construction),31.1222423,121.450744,-14.80633545,63
2448270633,Shanghai Swimming Center,31.1812817,121.4367543,-14.80389404,113
471013952,Xujiahui,31.1950755,121.4339035,-14.80389309,229
5306464710,Longcao Road,31.1720693,121.4389457,-14.80389118,185
481992276,Xincun Road,31.26533616,121.4181176,-14.80292797,267
481992273,Dachang Town,31.29519554,121.4115867,-14.80276394,92
481992272,Changzhong Road,31.30563129,121.4086221,-14.80125141,69
5306444959,Jiao Tong University,31.2040391,121.4304645,-14.80060959,127
5314272524,Jiangsu Road,31.2215398,121.4262469,-14.80012131,224
659508881,Fengxian Xincheng,30.91631318,121.4915344,-14.79946327,66
95222724,Shilong Road,31.1598584,121.4386219,-14.79831696,109
659508882,Jinhai Lake,30.9310875,121.4877284,-14.79831028,16
481992277,Lan'gao Road,31.25802559,121.4171405,-14.79794216,213
71799647,Caoxi Road,31.17860418,121.4338194,-14.79689217,73
481982631,Shangda Road,31.31698147,121.4038688,-14.79626751,98
264109694,Shanghai Indoor Stadium,31.18369183,121.4316286,-14.79497433,90
5306477812,Longde Road,31.2324037,121.4189633,-14.79003048,223
5312024931,Caobao Road,31.1704329,121.4291103,-14.78440189,144
659506261,Wangyuan Road,30.9345961,121.4797542,-14.78348827,3
12042988436,Jinghong Road,31.1117628,121.4402352,-14.78093052,25
5306595216,Caoyang Road,31.2403031,121.4122228,-14.7799921,191
481982629,Nanchen Road,31.32355835,121.3936629,-14.77929211,58
9381856640,Zhongning Road,31.2469107,121.4100155,-14.77916145,134
5306402950,Yishan Road,31.1862088,121.4227293,-14.7776432,162
1362898136,Oriental Beauty Valley Avenue,30.95217444,121.4719493,-14.77514458,0
5306444958,Hongqiao Road,31.198577,121.4175044,-14.77331924,203
900800809,Zhumei Road,31.12616043,121.4331829,-14.77294731,161
95222731,Shanghai South Railway Station,31.15528067,121.4265992,-14.77265167,10
12578483733,Lian Cao Road(still in construction),31.0991519,121.4387888,-14.77261066,70
900800810,Luoxiu Road,31.13370044,121.4311874,-14.77221584,191
1362898133,North Huifeng Road,30.97013751,121.4661637,-14.77174759,42
4520492425,Zhongshan Park,31.2200642,121.4115608,-14.77045822,178
7171261760,Shanghai South,31.1550117,121.4248842,-14.76871681,2
622194147,Fengqiao Road,31.2443442,121.4057154,-14.7686739,269
71799655,West Yan'an Road,31.21142218,121.4124432,-14.76764679,33
5306477811,Jinshajiang Road,31.2331191,121.4072205,-14.76689625,110
622194318,Zhenru,31.2527094,121.402647,-14.76651096,111
900800811,East China University of Science & Technology,31.14611569,121.4241171,-14.76357937,134
1362898132,South Lanxianghu Road,31.01596512,121.4511206,-14.7616787,1
900800823,Shanghai West Railway Station,31.26509849,121.3967256,-14.75963497,88
12303959813,Shanghai University,31.3223633,121.3839347,-14.75865459,65
900800801,Zizhu Hi-tech Park,31.02591698,121.4462399,-14.75595856,23
5306464708,Guilin Park,31.1689829,121.4149819,-14.75551796,175
900800806,South Hongmei Road,31.10570498,121.4283228,-14.75423908,83
5306444957,Songyuan Road,31.1983438,121.4079018,-14.75277805,214
900800814,Guilin Road,31.1771926,121.411221,-14.75107002,150
900800816,Wuzhong Road,31.18605945,121.4092529,-14.75085354,152
8663954070,Gulang Road,31.2844541,121.387452,-14.7495985,113
900800802,Yongde Road,31.0411868,121.4385366,-14.7473278,21
900800824,East Wuwei Road,31.27714793,121.387403,-14.74607849,90
9381801902,Tongchuan Road,31.2525788,121.3922945,-14.74562931,257
8663954072,Jinqiu Road,31.3221876,121.377316,-14.74541378,66
900800821,North Meiling Road,31.24574611,121.3921022,-14.74242687,200
659506262,Huanchengdong Road,30.93309264,121.4588819,-14.74068832,83
8663954080,Gucun Park,31.3451773,121.3698399,-14.74029255,32
1383762152,Liziyuan,31.27076149,121.3853374,-14.73918056,259
8663954081,Qi'an Road,31.2934242,121.3802641,-14.73910904,87
8663954075,Fengxiang Road,31.3103095,121.3763776,-14.73805046,75
900800815,Yaohong Road,31.19334675,121.401447,-14.7379179,193
9312201959,Loushanguan Road,31.2133704,121.3967585,-14.73768044,221
5306464707,Hongcao Road,31.1662502,121.4061275,-14.73622131,211
5306444956,Yili Road,31.2011073,121.3980259,-14.73535538,91
900800803,Yuanjiang Road,31.06477628,121.427266,-14.73449326,9
4559664184,Jinjiang Park,31.1440689,121.4095153,-14.73366928,219
8663954077,Nanda Road,31.3004988,121.3755576,-14.73293686,56
5306477810,Daduhe Road,31.233634,121.3896185,-14.73204613,138
900800819,Changfeng Park,31.22690108,121.3914521,-14.73195076,196
481982627,Qihua Road,31.3241778,121.3688336,-14.72927189,46
900800817,Hongbaoshi Road,31.20057848,121.3935935,-14.72608662,179
106060199,Luonan Xincun,31.39058205,121.3528036,-14.72550583,39
900800805,Jingxi Road,31.101516,121.4139891,-14.72429276,64
900800804,Shuangbai Road,31.08519915,121.4171112,-14.72276592,94
481982625,Liuhang,31.3597292,121.3577657,-14.72238541,118
9381749213,Zhenguang Road,31.2550635,121.3797034,-14.72154331,252
900800807,Shujian Road,31.09269641,121.4130342,-14.71828079,87
106060174,Meilan Lake,31.40368887,121.3453104,-14.71608925,52
656581018,Fengpu Avenue,30.9441319,121.4444599,-14.71592426,16
622196229,Qilianshan Road,31.273409,121.3722123,-14.71441746,136
5306444955,Shuicheng Road,31.2012461,121.3876028,-14.71410656,170
1350825377,Caohejing Hi-Tech Park,31.17245438,121.393019,-14.71280289,125
659499711,Xiaotang,30.96785585,121.4374021,-14.71224689,28
481982624,Panguang Road,31.36600775,121.3513174,-14.71183491,29
4520492882,Weining Road,31.2167836,121.3826767,-14.71060848,212
5306477809,Zhenbei Road,31.2340365,121.3775593,-14.70834637,52
5306464706,Hongmei Road,31.1622429,121.3926923,-14.70719433,155
4559664170,Lianhua Road,31.1328603,121.3982663,-14.70559692,155
659499082,Xidu,30.99125532,121.4278185,-14.70343781,84
9381805998,Zhenxin Xincun,31.2572465,121.3674467,-14.69692516,130
5306464705,Donglan Road,31.1577076,121.3871482,-14.69419193,58
659496852,Jiangchuan Road,31.0074377,121.4187782,-14.69248581,157
622196496,Wuwei Road,31.2783683,121.3600778,-14.6920042,115
424525851,Dongchuan Road,31.02018179,121.4152589,-14.69070911,130
5306464704,Gudai Road,31.1432364,121.3874729,-14.68859005,74
5306444954,Longxi Road,31.1963362,121.3757005,-14.68770599,161
424525866,Jianchuan Road,31.02842688,121.4119412,-14.68725872,39
1350825378,Hechuan Road,31.16843684,121.3802719,-14.68483829,190
471091952,Beixinjing,31.2183955,121.3690974,-14.68418121,224
424525867,Beiqiao,31.04702718,121.4054132,-14.68219376,79
12913835981,Waihuanlu,31.1228126,121.3883624,-14.68077469,113
5306477808,South Qilianshan Road,31.2394924,121.3626932,-14.680439,100
1363229597,Dingbian Road,31.25826587,121.3577049,-14.67835808,142
424525879,Zhuanqiao,31.06891595,121.397231,-14.67596912,107
424525871,Jinping Road,31.01320162,121.4054913,-14.66825867,142
622580357,Taopu Xincun,31.2834828,121.3450707,-14.66434193,213
5306464703,Hongxin Road,31.1395765,121.3758226,-14.66298485,111
424525877,Yindu Road,31.09125076,121.3856299,-14.66191006,28
5313309157,Xinzhuang,31.1130124,121.3808599,-14.6612339,129
5306444953,Shanghai Zoo,31.1920985,121.3634133,-14.66080093,120
5306444950,Longbai Xincun,31.1792624,121.3659379,-14.6601944,170
5306477807,Fengzhuang,31.2442808,121.3507104,-14.65813065,127
471092256,Songhong Road,31.2199749,121.3558076,-14.65743256,79
424525870,Chunshen Road,31.10013636,121.381151,-14.65642834,67
1350825379,Xingzhong Road,31.16000263,121.3640668,-14.64860058,106
5306444951,Ziteng Road,31.1717823,121.3609817,-14.64730835,158
9381799811,Jiayi Road,31.2612945,121.3407328,-14.64508915,126
424525868,Huaning Road,31.00940927,121.3905801,-14.63673687,54
1354660046,Qixin Road,31.13299247,121.3572592,-14.62244034,139
5306444952,Hangzhong Road,31.1671579,121.3491547,-14.62114239,130
1542037120,Hongqiao Airport Terminal 1,31.1932684,121.3427146,-14.61936951,119
9381817045,Lintao Road,31.2650033,121.3263327,-14.61760998,77
5306477806,West Jinshajiang Road,31.2430562,121.3306649,-14.61669636,78
1709861023,Nanxiang,31.2776686,121.3222534,-14.61474895,13
1350825380,Qibao,31.1574047,121.3450588,-14.6090126,35
424525869,Wenjing Road,31.00555369,121.3761174,-14.60524559,37
765729128,Chenxiang Highway,31.30834453,121.3023394,-14.58761597,25
7168518929,Chunshen,31.0813561,121.3496831,-14.5842123,31
1355136293,Jinyun Road,31.24280465,121.314825,-14.58405781,119
9381681214,Lexiu Road,31.2672762,121.3092454,-14.58392811,83
424525878,Minhang Development Zone,31.00259136,121.3650331,-14.58131504,67
12291519359,Tianshan Road (still in construction),31.2208904,121.3177311,-14.58088589,18
122526766,Nanxiang North,31.28337988,121.3042098,-14.58070374,11
605019372,Hongqiao Airport Terminal 2,31.1964723,121.3216102,-14.57809448,131
12103886408,Zhongchun Road,31.1519932,121.3299725,-14.57614708,45
4610023440,Shanghai-Hongqiao,31.1959782,121.3162004,-14.56654358,0
4460193672,Hongqiao Railway Station,31.1959975,121.3137324,-14.56173801,16
1350825382,Jiuting,31.13944708,121.3152135,-14.53962231,137
101892359,Malu,31.32159601,121.2723921,-14.53228474,79
3024250988,Fengbang,31.2586989,121.2844856,-14.52968025,25
13208864391,National Exhibiation and Convention Center,31.1911622,121.2965478,-14.52423668,57
7742242697,Xinqiao,31.0614034,121.3191462,-14.5131731,32
561166199,Tinglin,30.89720193,121.3543511,-14.51158524,7
7161813537,Jinshanyuanqu,30.8321923,121.3635716,-14.50231457,1
101892341,Jiading Xincheng,31.33207933,121.2498242,-14.49049568,54
13206611315,Panxiang Road · Shanghai National Accounting Institute,31.1834815,121.2817657,-14.49042034,107
102787027,North Jiading,31.39358958,121.2330403,-14.48389626,47
561190446,Chedun,31.00739261,121.3164717,-14.4829855,14
101892338,Baiyin Road,31.34727986,121.2408821,-14.47864914,85
12291519358,Qianwan Park (still in construction),31.2222835,121.2670666,-14.47775555,60
5308116329,Panlong Road,31.1884239,121.2742138,-14.4768343,62
561175159,Yexie,30.94230043,121.3252355,-14.47192287,16
102787029,West Jiading,31.37904945,121.223391,-14.45669079,96
4513596856,Huangdu,31.2958703,121.2351783,-14.44447231,8
1270619366,Shanghai Circuit,31.33387897,121.2216614,-14.43393707,14
5308116328,Xuying Road,31.180115,121.2498298,-14.42255878,12
107039359,Sijing,31.1204097,121.2558798,-14.40806389,67
1356628705,Xujingbeicheng,31.17746202,121.2373222,-14.39608383,7
12327046805,Fenxi (still in construction),31.1973058,121.226501,-14.38255215,111
102774611,East Changji Road,31.2955477,121.1958929,-14.36296463,13
5308116326,Middle Jiasong Road,31.1660537,121.2196941,-14.35387707,18
107039368,Sheshan,31.1062374,121.2253619,-14.33802795,38
107039361,Dongjing,31.08654185,121.2260345,-14.33100128,40
107039362,Songjiang University Town,31.05617407,121.2281754,-14.32153988,62
102774617,Shanghai Automobile City,31.28732165,121.1762716,-14.31769466,79
5306402942,Songjiang Xincheng,31.0322111,121.2262586,-14.3065567,49
5306402941,Songjiang Sports Center,31.0179937,121.2262371,-14.30029869,123
5306402940,Zuibaichi Park,31.0028512,121.2244749,-14.29009533,71
8163814265,Shanghai Songjiang Railway Station,30.9869127,121.2263732,-14.28571892,9
5308116325,Zhaoxiang,31.1630876,121.1877018,-14.28531742,59
824530194,Antingbei,31.3163832,121.1537318,-14.28425694,0
7160140850,Shanghai Songjiang,30.9851033,121.2259019,-14.28368282,9
102774610,Anting,31.29038504,121.1575136,-14.28093243,29
7448000468,Antingxi,31.3131188,121.1524548,-14.2794075,0
5308116324,Huijin Road,31.1631754,121.1474612,-14.20015049,64
12291519368,Huaqing Road (still in construction),31.1885962,121.1262527,-14.16719532,106
5308116323,Qingpu Xincheng,31.1607843,121.1210999,-14.14355755,129
5308116322,Caoying Road,31.162321,121.0919563,-14.08129692,97
12291519360,South Qingpu Xincheng (still in construction),31.1259122,121.0974594,-14.07650185,4
11029495367,Shihudang,30.9821777,121.1237154,-14.06555271,5
5308116321,Dianshanhu Avenue,31.1361923,121.0774053,-14.03812313,40
5308115520,Zhujiajiao,31.1024894,121.0444783,-13.95203781,8
12326871652,South Zhujiajiao (still in construction),31.0966932,121.0456261,-13.95153618,10
2597030792,Jinshan North,30.8963212,121.0848732,-13.94044971,7
5308115519,Oriental Land,31.1005043,121.0148951,-13.88614655,7
12241806356,Xicen,31.0726117,120.9598944,-13.75170326,5
12326998465,Shuixiang Parlor,31.0428053,120.9129633,-13.6328907,31
