station_id,name_cn,name_en,lat,lon,subsidence_rate
468916502,南京东路,East Nanjing Road,31.2391239,121.4792291,-14.912919998168945
469787970,新闸路,Xinzha Road,31.2405472,121.4636467,-14.883163452148438
469788001,中山北路,North Zhongshan Road,31.2614891,121.45447,-14.872926712036133
470637744,张江高科,Zhangjiang Hi-Tech Park,31.2039914,121.5833523,-15.101964950561523
471013952,徐家汇,Xujiahui,31.1950755,121.4339035,-14.803893089294434
471014085,衡山路,Hengshan Road,31.2064527,121.4419408,-14.824884414672852
471015395,陕西南路,South Shaanxi Road,31.2188995,121.4552697,-14.856822967529297
471016169,一大会址·黄陂南路,Site of the First CPC National Congress·South Huangpi Road,31.2249337,121.4693495,-14.887351989746094
471016943,上海科技馆,Shanghai Science & Technology Museum,31.2218914,121.5386617,-15.022862434387207
471088265,南京西路,West Nanjing Road,31.2318255,121.4560232,-14.863921165466309
471091952,北新泾,Beixinjing,31.2183955,121.3690974,-14.684181213378906
471092256,淞虹路,Songhong Road,31.2199749,121.3558076,-14.657432556152344
605019372,虹桥2号航站楼,Hongqiao Airport Terminal 2,31.1964723,121.3216102,-14.578094482421875
605024325,金科路,Jinke Road,31.2064028,121.597836,-15.130842208862305
605025081,广兰路,Guanglan Road,31.2131129,121.616873,-15.170111656188965
605027433,唐镇,Tangzhen,31.2163796,121.6518673,-15.238519668579102
605027658,创新中路,Middle Chuangxin Road,31.2155336,121.6698203,-15.272722244262695
605032163,川沙,Chuansha,31.1887574,121.6936866,-15.307403564453125
605037023,凌空路,Lingkong Road,31.194826,121.7195131,-15.359045028686523
605037513,华夏东路,East Huaxia Road,31.1988574,121.6767066,-15.278977394104004
622194147,枫桥路,Fengqiao Road,31.2443442,121.4057154,-14.76867389678955
622194318,真如,Zhenru,31.2527094,121.402647,-14.766510963439941
622196229,祁连山路,Qilianshan Road,31.273409,121.3722123,-14.714417457580566
622196496,武威路,Wuwei Road,31.2783683,121.3600778,-14.692004203796387
622580357,桃浦新村,Taopu Xincun,31.2834828,121.3450707,-14.664341926574707
824530194,安亭北,Antingbei,31.3163832,121.1537318,-14.284256935119629
848234307,北郊,Beijiao Railway Station,31.3048976,121.4508603,-14.884711265563965
1542037120,虹桥1号航站楼,Hongqiao Airport Terminal 1,31.1932684,121.3427146,-14.619369506835938
1551695122,芦潮港,Luchaogang,30.8875251,121.8466639,-15.474828720092773
1709861023,南翔,Nanxiang,31.2776686,121.3222534,-14.61474895477295
2448270609,三林东,East Sanlin,31.1486404,121.5188767,-14.95244026184082
2448270613,龙华,Longhua,31.1748452,121.4486885,-14.82494068145752
2448270617,龙耀路,Longyao Road,31.1615085,121.4551734,-14.832250595092773
2448270625,浦三路,Pusan Road,31.1531902,121.5350543,-14.986918449401855
2448270629,三林,Sanlin,31.1453958,121.507929,-14.929350852966309
2448270633,上海游泳馆,Shanghai Swimming Center,31.1812817,121.4367543,-14.80389404296875
2448270639,云锦路,Yunjin Road,31.1695006,121.4538663,-14.832836151123047
2597030792,金山北,Jinshan North,30.8963212,121.0848732,-13.940449714660645
2849812227,杨行,Yanghang Railway Station,31.3758686,121.4474062,-14.907625198364258
2914198802,秀沿路,Xiuyan Road,31.1403484,121.5942175,-15.096478462219238
3024250988,封浜,Fengbang,31.2586989,121.2844856,-14.529680252075195
4241260093,静安寺,Jing'an Temple,31.2252923,121.4421389,-14.833440780639648
4269627924,康新公路,Kangxin Highway,31.1326897,121.6131827,-15.130392074584961
4460193672,虹桥火车站,Hongqiao Railway Station,31.1959975,121.3137324,-14.561738014221191
4513596856,黄渡,Huangdu,31.2958703,121.2351783,-14.444472312927246
4520492425,中山公园,Zhongshan Park,31.2200642,121.4115608,-14.770458221435547
4520492882,威宁路,Weining Road,31.2167836,121.3826767,-14.71060848236084
4559664170,莲花路,Lianhua Road,31.1328603,121.3982663,-14.705596923828125
4559664184,锦江乐园,Jinjiang Park,31.1440689,121.4095153,-14.73366928100586
4559664358,通河新村,Tonghe Xincun,31.3329517,121.4369064,-14.868866920471191
4559664369,共康路,Gongkang Road,31.3217011,121.4420271,-14.874495506286621
4559664370,彭浦新村,Pengpu Xincun,31.3074944,121.4439361,-14.872013092041016
4559664371,汶水路,Wenshui Road,31.2945322,121.4455881,-14.870431900024414
4562133829,惠南,Huinan,31.056003,121.7573174,-15.373860359191895
4562133847,临港大道,Lingang Avenue,30.925954,121.9065641,-15.601188659667969
4571430228,常熟路,Changshu Road,31.2151666,121.4464856,-14.838443756103516
4610023440,上海虹桥,Shanghai-Hongqiao,31.1959782,121.3162004,-14.566543579101562
5306355590,芦恒路,Luheng Road,31.1202135,121.4938183,-14.891170501708984
5306355592,东方体育中心,Oriental Sports Center,31.1554593,121.4758296,-14.870431900024414
5306355593,杨思,Yangsi,31.1630199,121.4890118,-14.900299072265625
5306355594,成山路,Chengshan Road,31.1727623,121.4917772,-14.909518241882324
5306355596,陆家浜路,Lujiabang Road,31.2138544,121.4814802,-14.907242774963379
5306355597,老西门,Laoximen,31.2208466,121.4784338,-14.903128623962402
5306355598,大世界,Dashijie,31.2291468,121.4749289,-14.899834632873535
5306355599,曲阜路,Qufu Road,31.244194,121.4669569,-14.890456199645996
5306355600,中兴路,Zhongxing Road,31.255078,121.4643534,-14.890037536621094
5306355601,西藏北路,North Xizang Road,31.265566,121.4645728,-14.895297050476074
5306355602,曲阳路,Quyang Road,31.278536,121.4857918,-14.94235897064209
5306355603,四平路,Siping Road,31.2768579,121.496992,-14.964356422424316
5306355604,鞍山新村,Anshan Xincun,31.2752636,121.5051698,-14.979096412658691
5306355605,江浦路,Jiangpu Road,31.2769932,121.5141937,-14.99769115447998
5306355606,黄兴路,Huangxing Road,31.2809549,121.5240955,-15.019025802612305
5306355607,延吉中路,Middle Yanji Road,31.2907317,121.5306115,-15.03584098815918
5306355608,黄兴公园,Huangxing Park,31.2978586,121.5288185,-15.034895896911621
5306355609,翔殷路,Xiangyin Road,31.3071133,121.5275779,-15.036666870117188
5306355611,市光路,Shiguang Road,31.3247936,121.5276336,-15.044079780578613
5306402940,醉白池,Zuibaichi Park,31.0028512,121.2244749,-14.290095329284668
5306402941,松江体育中心,Songjiang Sports Center,31.0179937,121.2262371,-14.300298690795898
5306402942,松江新城,Songjiang Xincheng,31.0322111,121.2262586,-14.306556701660156
5306402950,宜山路,Yishan Road,31.1862088,121.4227293,-14.777643203735352
5306402951,嘉善路,Jiashan Road,31.2046319,121.456367,-14.852572441101074
5306402952,打浦桥,Dapuqiao,31.2082336,121.4640097,-14.869779586791992
5306402955,马当路,Madang Road,31.2112829,121.4720292,-14.887185096740723
5306402956,小南门,Xiaonanmen,31.2190076,121.4940577,-14.934247016906738
5306444950,龙柏新村,Longbai Xincun,31.1792624,121.3659379,-14.660194396972656
5306444951,紫藤路,Ziteng Road,31.1717823,121.3609817,-14.647308349609375
5306444952,航中路,Hangzhong Road,31.1671579,121.3491547,-14.621142387390137
5306444953,上海动物园,Shanghai Zoo,31.1920985,121.3634133,-14.66080093383789
5306444954,龙溪路,Longxi Road,31.1963362,121.3757005,-14.687705993652344
5306444955,水城路,Shuicheng Road,31.2012461,121.3876028,-14.714106559753418
5306444956,伊犁路,Yili Road,31.2011073,121.3980259,-14.735355377197266
5306444957,宋园路,Songyuan Road,31.1983438,121.4079018,-14.752778053283691
5306444958,虹桥路,Hongqiao Road,31.198577,121.4175044,-14.773319244384766
5306444959,交通大学,Jiao Tong University,31.2040391,121.4304645,-14.800609588623047
5306444960,上海图书馆,Shanghai Library,31.2100122,121.4396546,-14.822319030761719
5306444964,一大会址·新天地,Site of the First CPC National Congress·Xintiandi,31.2180993,121.4699438,-14.885282516479492
5306444965,豫园,Yuyuan Garden,31.2299254,121.4828695,-14.915945053100586
5306444966,天潼路,Tiantong Road,31.2457501,121.4778075,-14.912652015686035
5306444967,四川北路,North Sichuan Road,31.2537236,121.4794725,-14.92009162902832
5306444968,邮电新村,Youdian Xincun,31.2704149,121.4898084,-14.946996688842773
5306444969,同济大学,Tongji University,31.2844191,121.5020648,-14.977457046508789
5306444970,国权路,Guoquan Road,31.2912548,121.5055912,-14.987031936645508
5306444971,五角场,Wujiaochang,31.2997402,121.5100685,-14.999281883239746
5306444972,江湾体育场,Jiangwan Stadium,31.3050228,121.5099408,-15.000859260559082
5306444974,殷高东路,East Yingao Road,31.3238015,121.5024309,-14.993734359741211
5306444975,新江湾城,Xinjiangwancheng,31.3307804,121.5023484,-14.996692657470703
5306464703,虹莘路,Hongxin Road,31.1395765,121.3758226,-14.662984848022461
5306464704,顾戴路,Gudai Road,31.1432364,121.3874729,-14.688590049743652
5306464705,东兰路,Donglan Road,31.1577076,121.3871482,-14.694191932678223
5306464706,虹梅路,Hongmei Road,31.1622429,121.3926923,-14.707194328308105
5306464707,虹漕路,Hongcao Road,31.1662502,121.4061275,-14.736221313476562
5306464708,桂林公园,Guilin Park,31.1689829,121.4149819,-14.755517959594727
5306464710,龙漕路,Longcao Road,31.1720693,121.4389457,-14.8038911819458
5306464714,国际客运中心,International Cruise Terminal,31.2521438,121.4939618,-14.947306632995605
5306464716,江浦公园,Jiangpu Park,31.2665507,121.5193261,-15.002972602844238
5306464717,宁国路,Ningguo Road,31.2706832,121.5283015,-15.022406578063965
5306464718,隆昌路,Longchang Road,31.2776265,121.5407047,-15.049779891967773
5306464719,爱国路,Aiguo Road,31.2819802,121.5482806,-15.066433906555176
5306464720,复兴岛,Fuxing Island,31.2830231,121.5569642,-15.083102226257324
5306468322,巨峰路,Jufeng Road,31.2823103,121.5851422,-15.137870788574219
5306468324,金京路,Jinjing Road,31.2818724,121.6107908,-15.187073707580566
5306468325,申江路,Shenjiang Road,31.2823166,121.6226106,-15.210055351257324
5306468326,金海路,Jinhai Road,31.2653459,121.634452,-15.22497272491455
5306477806,金沙江西路,West Jinshajiang Road,31.2430562,121.3306649,-14.61669635772705
5306477807,丰庄,Fengzhuang,31.2442808,121.3507104,-14.658130645751953
5306477808,祁连山南路,South Qilianshan Road,31.2394924,121.3626932,-14.680438995361328
5306477809,真北路,Zhenbei Road,31.2340365,121.3775593,-14.708346366882324
5306477810,大渡河路,Daduhe Road,31.233634,121.3896185,-14.732046127319336
5306477811,金沙江路,Jinshajiang Road,31.2331191,121.4072205,-14.76689624786377
5306477812,隆德路,Longde Road,31.2324037,121.4189633,-14.790030479431152
5306477813,武宁路,Wuning Road,31.2363368,121.4260872,-14.806511878967285
5306477814,江宁路,Jiangning Road,31.2461078,121.4398643,-14.837706565856934
5306477815,自然博物馆,Shanghai Natural History Museum,31.2377862,121.457925,-14.869574546813965
5306477816,淮海中路,Middle Huaihai Road,31.2218467,121.4598334,-14.867112159729004
5306477817,世博会博物馆,World Expo Museum,31.1992369,121.4770974,-14.89206314086914
5306536045,灵岩南路,South Lingyan Road,31.1507738,121.4908095,-14.89793586730957
5306536046,上南路,Shangnan Road,31.1511939,121.5019944,-14.920990943908691
5306536047,华夏西路,West Huaxia Road,31.1519915,121.5103152,-14.937447547912598
5306536048,高青路,Gaoqing Road,31.1614947,121.5113016,-14.943398475646973
5306536049,东明路,Dongming Road,31.1747979,121.5065829,-14.939949035644531
5306536050,临沂新村,Linyi Xincun,31.1958017,121.5131584,-14.961527824401855
5306536051,上海儿童医学中心,Shanghai Children's Medical Center,31.2061476,121.5195474,-14.978760719299316
5306536052,源深体育中心,Yuanshen Sports Centre,31.2350364,121.5298954,-15.010590553283691
5306536053,民生路,Minsheng Road,31.2383036,121.5402665,-15.032538414001465
5306536054,北洋泾路,Beiyangjing Road,31.2411683,121.5477984,-15.048291206359863
5306536055,德平路,Deping Road,31.2476236,121.5600894,-15.07532024383545
5306536056,云山路,Yunshan Road,31.252114,121.5677749,-15.091480255126953
5306536057,金桥路,Jinqiao Road,31.2593229,121.5775913,-15.114036560058594
5306536058,博兴路,Boxing Road,31.2661406,121.5826511,-15.126646995544434
5306595215,御桥,Yuqiao,31.1607277,121.5674635,-15.052937507629395
5306595216,曹杨路,Caoyang Road,31.2403031,121.4122228,-14.77999210357666
5308115519,东方绿舟,Oriental Land,31.1005043,121.0148951,-13.886146545410156
5308115520,朱家角,Zhujiajiao,31.1024894,121.0444783,-13.952037811279297
5308116321,淀山湖大道,Dianshanhu Avenue,31.1361923,121.0774053,-14.03812313079834
5308116322,漕盈路,Caoying Road,31.162321,121.0919563,-14.081296920776367
5308116323,青浦新城,Qingpu Xincheng,31.1607843,121.1210999,-14.14355754852295
5308116324,汇金路,Huijin Road,31.1631754,121.1474612,-14.200150489807129
5308116325,赵巷,Zhaoxiang,31.1630876,121.1877018,-14.285317420959473
5308116326,嘉松中路,Middle Jiasong Road,31.1660537,121.2196941,-14.353877067565918
5308116328,徐盈路,Xuying Road,31.180115,121.2498298,-14.422558784484863
5308116329,蟠龙路,Panlong Road,31.1884239,121.2742138,-14.476834297180176
5308162422,曹路,Caolu,31.273409,121.6784911,-15.31301498413086
5308162423,民雷路,Minlei Road,31.2704573,121.663802,-15.283474922180176
5308162425,金吉路,Jinji Road,31.2666619,121.6247128,-15.20727252960205
5308162426,金桥,Jinqiao,31.2631226,121.6072181,-15.172268867492676
5308162427,台儿庄路,Taierzhuang Road,31.2544453,121.5931398,-15.1419095993042
5308162428,蓝天路,Lantian Road,31.243219,121.5736362,-15.099385261535645
5308162429,芳甸路,Fangdian Road,31.2343994,121.5544198,-15.058344841003418
5312024931,漕宝路,Caobao Road,31.1704329,121.4291103,-14.784401893615723
5312291904,顾唐路,Gutang Road,31.2682621,121.6522724,-15.260685920715332
5313309157,莘庄,Xinzhuang,31.1130124,121.3808599,-14.661233901977539
5314272524,江苏路,Jiangsu Road,31.2215398,121.4262469,-14.800121307373047
5314277881,世纪大道,Century Avenue,31.2306936,121.5229001,-14.995109558105469
7160140850,上海松江,Shanghai Songjiang,30.9851033,121.2259019,-14.283682823181152
7161749775,上海,Shanghai,31.2515568,121.4511645,-14.862780570983887
7161813537,金山园区,Jinshanyuanqu,30.8321923,121.3635716,-14.502314567565918
7168518929,春申,Chunshen,31.0813561,121.3496831,-14.584212303161621
7171261760,上海南,Shanghai South,31.1550117,121.4248842,-14.768716812133789
7448000468,安亭西,Antingxi,31.3131188,121.1524548,-14.279407501220703
7742242697,新桥,Xinqiao,31.0614034,121.3191462,-14.51317310333252
8163814265,上海松江站,Shanghai Songjiang Railway Station,30.9869127,121.2263732,-14.28571891784668
8663954070,古浪路,Gulang Road,31.2844541,121.387452,-14.749598503112793
8663954072,锦秋路,Jinqiu Road,31.3221876,121.377316,-14.745413780212402
8663954075,丰翔路,Fengxiang Road,31.3103095,121.3763776,-14.73805046081543
8663954077,南大路,Nanda Road,31.3004988,121.3755576,-14.73293685913086
8663954080,顾村公园,Gucun Park,31.3451773,121.3698399,-14.7402925491333
8663954081,祁安路,Qi'an Road,31.2934242,121.3802641,-14.73910903930664
9008134438,龙阳路,Longyang Road,31.2046984,121.5535315,-15.044478416442871
9312201959,娄山关路,Loushanguan Road,31.2133704,121.3967585,-14.737680435180664
9381124225,昌邑路,Changyi Road,31.2460058,121.5357325,-15.02665901184082
9381124227,北中路,Beizhong Road,31.1852344,121.5571091,-15.043414115905762
9381124228,芳芯路,Fangxin Road,31.193162,121.5550397,-15.042552947998047
9381124229,迎春路,Yingchun Road,31.2232213,121.5467582,-15.03891658782959
9381127893,丹阳路,Danyang Road,31.2569051,121.5260504,-15.012693405151367
9381158917,平凉路,Pingliang Road,31.2610517,121.52253,-15.007564544677734
9381199385,抚顺路,Fushun Road,31.2860526,121.5113331,-14.995845794677734
9381674419,殷高路,Yingao Road,31.3235982,121.4909886,-14.972160339355469
9381675519,复旦大学,Fudan University,31.2982596,121.4953727,-14.969403266906738
9381681214,乐秀路,Lexiu Road,31.2672762,121.3092454,-14.583928108215332
9381749213,真光路,Zhenguang Road,31.2550635,121.3797034,-14.721543312072754
9381799811,嘉怡路,Jiayi Road,31.2612945,121.3407328,-14.645089149475098
9381801902,铜川路,Tongchuan Road,31.2525788,121.3922945,-14.74562931060791
9381805998,真新新村,Zhenxin Xincun,31.2572465,121.3674467,-14.696925163269043
9381817045,临洮路,Lintao Road,31.2650033,121.3263327,-14.617609977722168
9381856640,中宁路,Zhongning Road,31.2469107,121.4100155,-14.77916145324707
9381931089,武定路,Wuding Road,31.2294501,121.4311464,-14.813708305358887
9381985702,陆家嘴,Lujiazui,31.2369216,121.4979194,-14.948480606079102
9382030652,源深路,Yuanshen Road,31.2433745,121.5264996,-15.008222579956055
9382055039,浦东大道,Pudong Avenue,31.2424141,121.5149488,-14.984230995178223
9382067085,黄杨路,Huangyang Road,31.2359808,121.5862834,-15.120871543884277
9382076276,歇浦路,Xiepu Road,31.2526656,121.547042,-15.052130699157715
9382078474,云顺路,Yunshun Road,31.2392917,121.5964372,-15.14133071899414
9382082818,龙居路,Longju Road,31.2594736,121.5547025,-15.069769859313965
9382098491,浦东足球场,Pudong Football Stadium,31.2437063,121.6107535,-15.17096996307373
9382102244,金粤路,Jinyue Road,31.2443209,121.6247466,-15.198202133178711
9382111954,桂桥路,Guiqiao Road,31.2526202,121.6309638,-15.213353157043457
9836022368,江湾镇,Jiangwan Town,31.3074899,121.4805955,-14.944846153259277
10983612982,上海宝山(在建）,Shanghai Baoshan (under construction),31.4050945,121.441346,-14.908289909362793
10983613043,外高桥（在建）,Waigaoqiao (still in construction),31.3660141,121.5572171,-15.118109703063965
10983613121,曹路(规划）,Caolu (in planning),31.2830651,121.6983239,-15.353645324707031
11029495367,石湖荡,Shihudang,30.9821777,121.1237154,-14.065552711486816
12042988431,浦东1号2号航站楼,Pudong Airport Terminal 1&2,31.1522997,121.8012679,-15.494641304016113
12042988433,上海国际旅游度假区,Shanghai International Resort,31.1585237,121.6759116,-15.260939598083496
12042988434,康桥东,East Kangqiao,31.149121,121.611222,-15.133174896240234
12042988435,三林南,South Sanlin,31.1280131,121.4820207,-14.871744155883789
12042988436,景洪路,Jinghong Road,31.1117628,121.4402352,-14.780930519104004
12103886408,中春路,Zhongchun Road,31.1519932,121.3299725,-14.576147079467773
12103946939,鹏翔路(在建）,Pengxiang Road (still in construction),31.0916981,121.831029,-15.526691436767578
12103986925,滴水湖北(在建）,North Di Shui Lake(still in construction),30.9276996,121.9368471,-15.656991004943848
12140814900,长兴岛(在建）,Changxing Island（still in construction),31.3930867,121.7179172,-15.434197425842285
12140828479,陈家镇（在建）,Chenjia Town（still in construction),31.4927315,121.7882001,-15.603788375854492
12140828481,东滩(在建）,Dongtan（still in construction),31.5022577,121.8513696,-15.721877098083496
12140828482,裕安(在建）,Yu'an （still in construction),31.5252521,121.8580994,-15.743234634399414
12144502308,高宝路,Gaobao Road,31.2925132,121.6210656,-15.211302757263184
12144502309,凌空北路(在建）,North Lingkong Road（still in construction),31.2957169,121.6681085,-15.302082061767578
12210717559,康恒路,Kangheng Road,31.1564411,121.5492931,-15.015473365783691
12222691463,浦东足球场(在建）,Pudong Football Stadium（still in construction),31.2421998,121.6127278,-15.174443244934082
12222691483,龙东大道(在建）,Longdong Avenue（still in construction),31.2228632,121.6126851,-15.16647720336914
12222691485,高斯路（在建）,Gaosi Road（still in construction),31.2021249,121.6090151,-15.151278495788574
12222691486,张衡路(在建）,Zhangheng Road（still in construction),31.1940038,121.6080916,-15.145830154418945
12222691490,康桥东(在建）,East Kangqiao（still in construction),31.1484341,121.6127875,-15.135851860046387
12222691492,唐黄路(在建）,Tanghuang Road（still in construction),31.1454455,121.6781147,-15.26060676574707
12222691494,施新路(在建）,Shi Xin Road（still in construction),31.1514548,121.7535442,-15.405725479125977
12222691495,闻居路(在建）,Wenju Road（still in construction),31.1325925,121.7596038,-15.409274101257324
12222691496,金闻路(在建）,Jinwen Road（still in construction),31.1195899,121.7690328,-15.422263145446777
12222691497,上海东站(在建）,Shanghai East Railway Station（still in construction),31.1216364,121.7776989,-15.439224243164062
12241806356,西岑,Xicen,31.0726117,120.9598944,-13.751703262329102
12291519358,前湾公园（在建）,Qianwan Park (still in construction),31.2222835,121.2670666,-14.477755546569824
12291519359,天山路(在建）,Tianshan Road (still in construction),31.2208904,121.3177311,-14.580885887145996
12291519360,青浦新城南(在建）,South Qingpu Xincheng (still in construction),31.1259122,121.0974594,-14.076501846313477
12291519368,华青路(在建）,Huaqing Road (still in construction),31.1885962,121.1262527,-14.167195320129395
12303959813,上海大学,Shanghai University,31.3223633,121.3839347,-14.758654594421387
12326871652,朱家角南(在建）,South Zhujiajiao (still in construction),31.0966932,121.0456261,-13.951536178588867
12326998465,水乡客厅,Shuixiang Parlor,31.0428053,120.9129633,-13.632890701293945
12327046805,凤溪(在建）,Fenxi (still in construction),31.1973058,121.226501,-14.382552146911621
12519546106,学林路(在建）,Xue Lin Road(still in construction),31.1860407,121.6088323,-15.143853187561035
12578483733,联曹路(在建）,Lian Cao Road(still in construction),31.0991519,121.4387888,-14.772610664367676
12578703760,华泾路（在建）,Hua Jin Road(still in construction),31.1222423,121.450744,-14.80633544921875
12581620575,德州路(在建）,De Zhou Road(still in construction),31.1663661,121.47365,-14.87132453918457
12586870178,兰岗路(在建）,Lan Gang Road(still in construction),31.3779503,121.4572994,-14.928572654724121
12586870358,铁山路（在建）,Tie Shan Road(still in construction),31.3864261,121.4512341,-14.920207977294922
12735998360,东陆路,Donglu Road,31.2846873,121.5746438,-15.118863105773926
12811092054,共青森林公园（规划）,Gong Qing Forest Park(planned),31.3173522,121.5420719,-15.068990707397461
12811298345,上海体育大学（规划）,Shanghai University of Sport（planning),31.3168556,121.5186024,-15.02310848236084
12811298578,车站南路(规划）,South Station Road（Planning),31.2948661,121.472694,-14.923788070678711
12811298601,万安路(规划）,Wan An Road(planning),31.3032122,121.4716021,-14.925413131713867
12913835981,外环路,Waihuanlu,31.1228126,121.3883624,-14.680774688720703
13192138989,江杨南路(在建）,South Jiang Yang Road(still in construction),31.3519942,121.4615814,-14.926393508911133
13206611315,蟠祥路・国家会计学院,Panxiang Road · Shanghai National Accounting Institute,31.1834815,121.2817657,-14.4904203414917
13208864391,国家会展中心,National Exhibiation and Convention Center,31.1911622,121.2965478,-14.524236679077148
19631195,莲溪路,Lianxi Road,31.17168884405252,121.56185150104496,-15.046550750732422
71799647,漕溪路,Caoxi Road,31.178604178952103,121.43381939625093,-14.796892166137695
71799648,镇坪路,Zhenping Road,31.248192847628268,121.42515163433464,-14.809576034545898
71799655,延安西路,West Yan'an Road,31.21142218316473,121.41244323719226,-14.767646789550781
95222724,石龙路,Shilong Road,31.15985839948412,121.43862191855524,-14.798316955566406
95222731,上海南站,Shanghai South Railway Station,31.155280665713445,121.42659921109122,-14.772651672363281
97533050,中潭路,Zhongtan Road,31.25644098556502,121.43640572586568,-14.83509349822998
97546596,上海火车站,Shanghai Railway Station,31.251705035564004,121.45318914526584,-14.866630554199219
97550426,宝山路,Baoshan Road,31.253457586785967,121.47179194027696,-14.90437126159668
97560779,江杨北路,North Jiangyang Road,31.409669006491256,121.43520884615228,-14.898741722106934
97566894,铁力路,Tieli Road,31.40995053978705,121.45671333988416,-14.94070816040039
97653686,友谊路,Youyi Road,31.405927579838856,121.4713818516406,-14.967621803283691
97653687,宝杨路,Baoyang Road,31.397223918710587,121.47506131603254,-14.971867561340332
97666199,殷高西路,West Yin'gao Road,31.32194982064619,121.48043162695976,-14.950133323669434
97666208,长江南路,South Changjiang Road,31.334013307085726,121.48705934639334,-14.968842506408691
97671076,赤峰路,Chifeng Road,31.2831884403556,121.47792703093344,-14.928744316101074
97671079,大柏树,Dabaishu,31.29141102373348,121.47868807801048,-14.934089660644531
101892338,白银路,Baiyin Road,31.34727986191471,121.24088209386524,-14.478649139404297
101892341,嘉定新城,Jiading Xincheng,31.33207932898869,121.24982415821324,-14.490495681762695
101892359,马陆,Malu,31.321596008891635,121.27239211636096,-14.5322847366333
102774610,安亭,Anting,31.2903850425748,121.15751355165006,-14.280932426452637
102774611,昌吉东路,East Changji Road,31.29554770301077,121.19589285469684,-14.362964630126953
102774617,上海汽车城,Shanghai Automobile City,31.28732164817711,121.17627158116,-14.317694664001465
102787027,嘉定北,North Jiading,31.393589577075268,121.23304027183892,-14.483896255493164
102787029,嘉定西,West Jiading,31.379049450174804,121.22339098093435,-14.456690788269043
106060174,美兰湖,Meilan Lake,31.403688872310703,121.34531039919148,-14.716089248657227
106060199,罗南新村,Luonan Xincun,31.390582052365755,121.35280363214532,-14.725505828857422
107039359,泗泾,Sijing,31.120409700000003,121.25587975,-14.408063888549805
107039361,洞泾,Dongjing,31.08654184872405,121.22603451591355,-14.331001281738281
107039362,松江大学城,Songjiang University Town,31.05617407049494,121.22817542773274,-14.321539878845215
107039368,佘山,Sheshan,31.106237400000005,121.22536185000004,-14.338027954101562
108731265,远东大道,Yuandong Avenue,31.201411121333432,121.75098281608707,-15.420876502990723
108731268,海天三路,Haitiansan Road,31.170532005780828,121.79262064476598,-15.485061645507812
122526766,南翔北,Nanxiang North,31.2833798761857,121.30420983613766,-14.580703735351562
136084475,港城路,Gangcheng Road,31.35525720556365,121.57060314046691,-15.13974666595459
144554239,东宝兴路,Dongbaoxing Road,31.26182720621449,121.47570497915063,-14.915631294250488
144554242,虹口足球场,Hongkou Football Stadium,31.27324428800172,121.47473107548385,-14.918262481689453
146701242,东靖路,Dongjing Road,31.29280626990121,121.58462157214318,-15.141210556030273
146701243,五洲大道,Wuzhou Avenue,31.304692175155083,121.5851041081494,-15.146893501281738
146701244,五莲路,Wulian Road,31.274151873036946,121.58375307263567,-15.131929397583008
146701286,外高桥保税区北,North Waigaoqiao Free Trade Zone,31.34995126348505,121.58269409735944,-15.160945892333984
146701287,外高桥保税区南,South Waigaoqiao Free Trade Zone,31.32376553056701,121.59772569974054,-15.178762435913086
146701289,洲海路,Zhouhai Road,31.314399450152727,121.58519700093112,-15.151128768920898
146701290,航津路,Hangjin Road,31.33751535115381,121.5897811903818,-15.16938304901123
168481748,淞滨路,Songbin Road,31.37300609046945,121.488252673477,-14.987504959106445
169039066,沈杜公路,Shendu Highway,31.06349281005961,121.50791017346098,-14.894172668457031
169043149,江月路,Jiangyue Road,31.086308563879776,121.5042127028183,-14.897347450256348
169043150,联航路,Lianhang Road,31.07563170393229,121.50620838129808,-14.896754264831543
169044394,浦江镇,Pujiang Town,31.098627383207067,121.5018753551409,-14.89822006225586
264109694,上海体育馆,Shanghai Indoor Stadium,31.18369182600841,121.43162861030368,-14.794974327087402
264602662,浦东南路,South Pudong Road,31.23538205215773,121.51111614012248,-14.974260330200195
328426738,迪士尼,Disney Resort,31.14343059172202,121.66371743860324,-15.231852531433105
376655899,宝安公路,Bao'an Highway,31.371405546140817,121.4262590645847,-14.864548683166504
376655900,富锦路,Fujin Road,31.394114612988265,121.41991940184442,-14.861207008361816
376655903,友谊西路,West Youyi Road,31.3829417,121.42331865,-14.863275527954102
406423632,水产路,Shuichan Road,31.383281864348355,121.48368269071196,-14.98255729675293
406423633,淞发路,Songfa Road,31.347170057239246,121.49595770465,-14.991153717041016
406423634,张华浜,Zhanghuabang,31.36001029131453,121.49421423643352,-14.99363899230957
424525851,东川路,Dongchuan Road,31.020181789178203,121.41525892675058,-14.690709114074707
424525866,剑川路,Jianchuan Road,31.02842687908682,121.41194119403082,-14.68725872039795
424525867,北桥,Beiqiao,31.0470271830295,121.40541315810871,-14.682193756103516
424525868,华宁路,Huaning Road,31.00940927310036,121.39058014307078,-14.636736869812012
424525869,文井路,Wenjing Road,31.005553690733297,121.37611742040922,-14.605245590209961
424525870,春申路,Chunshen Road,31.100136361531217,121.3811509512066,-14.656428337097168
424525871,金平路,Jinping Road,31.01320162409611,121.4054912973212,-14.668258666992188
424525877,银都路,Yindu Road,31.0912507610355,121.38562990393446,-14.661910057067871
424525878,闵行开发区,Minhang Development Zone,31.002591363724,121.36503314986032,-14.581315040588379
424525879,颛桥,Zhuanqiao,31.0689159515768,121.39723099760762,-14.675969123840332
446115662,罗山路,Luoshan Road,31.15551599802944,121.58886676661184,-15.092350006103516
460289574,共富新村,Gongfu Xincun,31.356938100000008,121.4294324,-14.864099502563477
460289575,呼兰路,Hulan Road,31.341574518112967,121.4330793966468,-14.865317344665527
460584064,野生动物园,Wild Animal Park,31.05242590925216,121.69484371320746,-15.254033088684082
460584075,惠南东,East Huinan,31.028624378809383,121.7895150602448,-15.42403507232666
460584077,书院,Shuyuan,30.96157755,121.846355,-15.50327205657959
460592049,华夏中路,Middle Huaxia Road,31.178028412113854,121.5789171022987,-15.082066535949707
460592056,周浦东,East Zhoupu,31.11235268843092,121.60272941847636,-15.101439476013184
460592061,鹤沙航城,Heshahangcheng,31.08005908463105,121.6070663164353,-15.09674072265625
460592064,航头东,East Hangtou,31.057278986498787,121.6132643859342,-15.099119186401367
460592067,新场,Xinchang,31.0478433,121.64473265,-15.155900001525879
461892472,芳华路,Fanghua Road,31.19532985,121.54578075,-15.024835586547852
478613740,锦绣路,Jinxiu Road,31.1897504376076,121.53569780719909,-15.003028869628906
478643154,长清路,Changqing Road,31.17664515,121.48170865,-14.891409873962402
481982624,潘广路,Panguang Road,31.366007750000005,121.3513174,-14.711834907531738
481982625,刘行,Liuhang,31.3597292,121.35776565000003,-14.72238540649414
481982627,祁华路,Qihua Road,31.3241778,121.3688336,-14.72927188873291
481982629,南陈路,Nanchen Road,31.323558350000003,121.3936629,-14.779292106628418
481982631,上大路,Shangda Road,31.31698146621264,121.40386883712102,-14.79626750946045
481992272,场中路,Changzhong Road,31.30563129271228,121.40862210355527,-14.801251411437988
481992273,大场镇,Dachang Town,31.295195540983872,121.41158671345065,-14.802763938903809
481992274,行知路,Xingzhi Road,31.28592835633228,121.41715853005051,-14.81003475189209
481992275,大华三路,Dahuasan Road,31.275622157565323,121.41849237274228,-14.808486938476562
481992276,新村路,Xincun Road,31.26533615916051,121.41811763291166,-14.80292797088623
481992277,岚皋路,Lan'gao Road,31.25802558756053,121.41714052208366,-14.797942161560059
481992279,花木路,Huamu Road,31.21318768817888,121.5585671668759,-15.057989120483398
481992281,杨高南路,South Yanggao Road,31.1896763844118,121.52011293037788,-14.972908020019531
481992283,高科西路,West Gaoke Road,31.18767862086547,121.50516833745216,-14.942214965820312
481992285,云台路,Yuntai Road,31.184222918489294,121.4959101032894,-14.922159194946289
481992286,耀华路,Yaohua Road,31.180525413377907,121.4903050220044,-14.909896850585938
481992287,后滩,Houtan,31.174051419952377,121.46937791137309,-14.865690231323242
482002481,龙华中路,Middle Longhua Road,31.18603110733065,121.45270414395436,-14.837827682495117
482002482,东安路,Dong'an Road,31.19251763646584,121.44995789322356,-14.834396362304688
482002483,肇嘉浜路,Zhaojiabang Road,31.201289778902776,121.44583553579086,-14.830538749694824
482002489,昌平路,Changping Road,31.235460602871026,121.43814728073671,-14.830034255981445
482002493,长寿路,Changshou Road,31.24278195260112,121.43391884546516,-14.824278831481934
513228698,上海体育场,Shanghai Stadium,31.187415949999995,121.43916135,-14.811575889587402
513237660,海伦路,Hailun Road,31.260911691122136,121.48509824056224,-14.934356689453125
513237661,临平路,Linping Road,31.26299171303428,121.49646820949091,-14.95671558380127
513237662,大连路,Dalian Road,31.260165045282942,121.50838908443244,-14.97907543182373
513237663,杨树浦路,Yangshupu Road,31.25418294500604,121.5125161003303,-14.985255241394043
513247378,向城路,Xiangcheng Road,31.224625743731703,121.52777074870986,-15.002352714538574
513247379,浦电路,Pudian Road,31.222202093735604,121.52463964871018,-14.995200157165527
513247380,蓝村路,Lancun Road,31.21360944500154,121.5236642834549,-14.989622116088867
513247381,塘桥,Tangqiao,31.21184556372964,121.51439091831776,-14.970416069030762
513247382,南浦大桥,Nanpu Bridge,31.21040235,121.49501924999996,-14.932333946228027
513247383,鲁班路,Luban Road,31.201078347317445,121.47056335890164,-14.880095481872559
513247384,西藏南路,South Xizang Road,31.20360646472574,121.48511450048468,-14.90981674194336
513247385,大木桥路,Damuqiao Road,31.1959980910711,121.4590029378237,-14.854823112487793
513764717,人民广场,People's Square,31.234730887074427,121.4703283500927,-14.893149375915527
513798338,汉中路,Hanzhong Road,31.242626966974,121.45453606118772,-14.865939140319824
514379251,杨高中路,Middle Yanggao Road,31.22952659603484,121.54405494050046,-15.036392211914062
561166199,亭林,Tinglin,30.897201934011203,121.35435105806418,-14.511585235595703
561175159,叶榭,Yexie,30.94230042972154,121.3252354784543,-14.471922874450684
561190446,车墩,Chedun,31.00739261208629,121.3164716594294,-14.482985496520996
575156171,汇臻路,Huizhen Road,31.027460324037268,121.52030012573736,-14.903984069824219
575156172,东城一路,Dongchengyi Road,31.03266379296012,121.52780322866688,-14.921234130859375
575156173,浦航路,Puhang Road,31.0431896,121.52632315000002,-14.922667503356934
575156174,闵瑞路,Minrui road,31.05020027587,121.52606732469594,-14.925515174865723
575156175,三鲁公路,Sanlu Highway,31.058292977074977,121.52304128433192,-14.922881126403809
593786640,中华艺术宫,China Art Museum,31.18719356847241,121.48935321493347,-14.910877227783203
594098993,世博大道,Shibo Avenue,31.184629312599625,121.47982182591872,-14.890669822692871
610744619,滴水湖,Dishui Lake,30.909306224587265,121.92576409596346,-15.629436492919922
619428333,世纪公园,Century Park,31.21141845,121.5466162,-15.034099578857422
656581018,奉浦大道,Fengpu Avenue,30.944131904954297,121.4444598510631,-14.715924263000488
659455437,陈春路,Chenchun Road,31.17698601284556,121.55386625178492,-15.033452987670898
659455438,北蔡,Beicai,31.182163023483632,121.5478097594071,-15.02364444732666
659455439,下南路,Xianan Road,31.18147461376726,121.53624943957786,-15.000685691833496
659455440,华鹏路,Huapeng Road,31.178441544434545,121.52226050387804,-14.971830368041992
659461025,张江路,Zhangjiang Road,31.19154209687158,121.62692664849294,-15.18066692352295
659461028,学林路,Xuelin Road,31.18558435,121.61007195,-15.146300315856934
659461032,中科路,Zhongke Road,31.181027700000005,121.59753935000002,-15.120329856872559
659496852,江川路,Jiangchuan Road,31.007437700000004,121.41877815,-14.692485809326172
659499082,西渡,Xidu,30.99125531636832,121.42781854057732,-14.703437805175781
659499711,萧塘,Xiaotang,30.967855849999992,121.43740209999996,-14.712246894836426
659506261,望园路,Wangyuan Road,30.9345961,121.47975415,-14.783488273620605
659506262,环城东路,Huanchengdong Road,30.93309264081831,121.45888190901412,-14.74068832397461
659508881,奉贤新城,Fengxian Xincheng,30.91631318497844,121.4915343993452,-14.799463272094727
659508882,金海湖,Jinhai Lake,30.9310875,121.48772835,-14.798310279846191
765729128,陈翔公路,Chenxiang Highway,31.30834452694045,121.30233940871628,-14.587615966796875
765739888,基隆路,Jilong Road,31.353531227755266,121.58617793713888,-15.169800758361816
765739890,高桥,Gaoqiao,31.354735831302698,121.55873116806995,-15.116308212280273
765739891,高桥西,West Gaoqiao,31.35360901439449,121.54505160969168,-15.089858055114746
765739893,双江路,Shuangjiang Road,31.355694950000004,121.53515785000002,-15.071475982666016
765739894,国帆路,Guofan Road,31.341631500000005,121.50878235,-15.014227867126465
900800801,紫竹高新区,Zizhu Hi-tech Park,31.025916981998595,121.44623990992906,-14.755958557128906
900800802,永德路,Yongde Road,31.0411868,121.4385366,-14.74732780456543
900800803,元江路,Yuanjiang Road,31.064776282511247,121.42726596063108,-14.734493255615234
900800804,双柏路,Shuangbai Road,31.08519915,121.41711115,-14.722765922546387
900800805,景西路,Jingxi Road,31.101516,121.41398905,-14.724292755126953
900800806,虹梅南路,South Hongmei Road,31.105704982713466,121.42832279881686,-14.754239082336426
900800807,曙建路,Shujian Road,31.09269640837582,121.41303415675242,-14.718280792236328
900800809,朱梅路,Zhumei Road,31.12616043467257,121.43318294931238,-14.772947311401367
900800810,罗秀路,Luoxiu Road,31.13370043526473,121.43118736580874,-14.772215843200684
900800811,华东理工大学,East China University of Science & Technology,31.146115686095467,121.42411706839388,-14.763579368591309
900800814,桂林路,Guilin Road,31.1771926,121.411221,-14.751070022583008
900800815,姚虹路,Yaohong Road,31.19334675,121.40144700000002,-14.73791790008545
900800816,吴中路,Wuzhong Road,31.18605945373219,121.40925291238972,-14.750853538513184
900800817,红宝石路,Hongbaoshi Road,31.20057848043403,121.39359354890207,-14.726086616516113
900800819,长风公园,Changfeng Park,31.22690108204284,121.3914521395176,-14.731950759887695
900800821,梅岭北路,North Meiling Road,31.245746114142893,121.39210222560058,-14.742426872253418
900800823,上海西站,Shanghai West Railway Station,31.265098494996764,121.39672556396064,-14.759634971618652
900800824,武威东路,East Wuwei Road,31.277147932881228,121.3874030002055,-14.746078491210938
900814441,康桥,Kangqiao,31.1365059,121.56308769999998,-15.03445816040039
900814442,周浦,Zhoupu,31.11674158616964,121.56343101864913,-15.02628231048584
900814443,繁荣路,Fanrong Road,31.1056269,121.5661615,-15.02767276763916
900814444,沈梅路,Shenmei Road,31.09390916449488,121.57574770294536,-15.041329383850098
900814445,鹤涛路,Hetao Road,31.07433353659815,121.58181487054436,-15.044757843017578
900814446,下沙,Xiasha,31.05678965,121.58481895,-15.043245315551758
900814447,航头,Hangtou,31.0393345,121.5920502,-15.050511360168457
1270619366,上海赛车场,Shanghai Circuit,31.33387896999243,121.22166137644366,-14.433937072753906
1350825377,漕河泾开发区,Caohejing Hi-Tech Park,31.17245438311533,121.39301904221315,-14.71280288696289
1350825378,合川路,Hechuan Road,31.16843684417052,121.38027193061326,-14.68483829498291
1350825379,星中路,Xingzhong Road,31.160002631905783,121.36406680654686,-14.648600578308105
1350825380,七宝,Qibao,31.157404701514466,121.34505882513612,-14.609012603759766
1350825382,九亭,Jiuting,31.139447076572186,121.3152134873466,-14.53962230682373
1353044513,六陈路(在建）,Liuchen Road（still in construction),31.152695525189824,121.7062413981182,-15.316892623901367
1353046660,申江南路(在建）,South Shenjiang Road（still in construction),31.14076247662683,121.62194818436151,-15.14990234375
1353046664,康南路(在建）,Kangnan Road（still in construction),31.16797323543761,121.6139754354367,-15.146984100341797
1353046666,军民路(在建）,Junmin Road（still in construction),31.17639775732081,121.61098674839891,-15.144364356994629
1354660046,七莘路,Qixin Road,31.132992465999862,121.35725915049274,-14.622440338134766
1355136293,金运路,Jinyun Road,31.242804647577444,121.3148249719596,-14.584057807922363
1356628705,徐泾北城,Xujingbeicheng,31.1774620242326,121.23732224328892,-14.39608383178711
1359266588,凌兆新村,Lingzhao Xincun,31.143027795041665,121.48488957419488,-14.883091926574707
1359273477,中华艺术宫南（在建）,south china art stadium(still in construction),31.18565876385858,121.49169291986274,-14.914719581604004
1359488769,华丰路(在建）,Hua Feng Road(still in construction),31.19301333389652,121.50155081349712,-14.937819480895996
1359488771,南码头路（在建）,south Harbor Road,31.198684450828424,121.50508876307543,-14.947340965270996
1359488776,潍坊路（在建）,Wei Fang Road(still in construction),31.22366779647099,121.51385576663232,-14.974499702453613
1359488781,商城路,Shangcheng Road,31.23253837642672,121.51236841401938,-14.975089073181152
1359591070,提篮桥,Tilanqiao,31.255436542124663,121.50234433515725,-14.965338706970215
1359591073,周家嘴路(在建）,Zhou Jia Zui Road(still in construction),31.260793759073383,121.49638222729078,-14.955521583557129
1359594153,甜爱路(在建）,Tian Ai Road,31.265802733232302,121.47934184952057,-14.924148559570312
1359594155,上海外国语大学（在建）,Shanghai international studies university(still in construction),31.27601316133372,121.47850390415064,-14.927742004394531
1359748121,凉城路(规划）,Liang Cheng Road(planning),31.281231190837907,121.46557565305211,-14.904126167297363
1359748123,凉城路(在建）,Liang Cheng Road（still in construction),31.28108687820319,121.46614916826246,-14.905265808105469
1359748125,广灵四路(在建）,Guang Ling Fourth Road(still in construction),31.289668988508453,121.46174152054074,-14.899744033813477
1359748127,车站北路(在建）,North Station Road(still in construction,31.29782506022433,121.46294830708486,-14.905248641967773
1359748129,虹湾路(在建）,Hong Wan Road(still in construction),31.314005755496684,121.46379817260517,-14.91409969329834
1359748131,一二八纪念路（在建）,January 18th Memorial Day Road(still in construction),31.331643085375774,121.4630731135931,-14.920696258544922
1359772207,泰和路(在建）,Tai He Road(still in construction),31.364869469448788,121.46315642629598,-14.93478775024414
1359772239,上海宝山站（在建）,Shanghai Bao Shan station(still in construction),31.403693610060785,121.4424432415302,-14.909443855285645
1362898132,兰香湖南路,South Lanxianghu Road,31.015965124552583,121.45112056550649,-14.761678695678711
1362898133,汇丰北路,North Huifeng Road,30.970137506705324,121.46616370594094,-14.771747589111328
1362898136,东方美谷大道,Oriental Beauty Valley Avenue,30.95217443944897,121.47194932332889,-14.775144577026367
1363229597,定边路,Dingbian Road,31.25826587209169,121.35770487128408,-14.67835807800293
1383725119,嫩江路,Nenjiang Road,31.31674975919335,121.52749237663303,-15.040675163269043
1383725132,三门路,Sanmen Road,31.31525164706149,121.5038914595336,-14.993172645568848
1383725143,上海财经大学,Shanghai University of Finance and Economics,31.310587785389146,121.49187954704848,-14.96794605255127
1383725162,延长路,Yanchang Road,31.273356247736555,121.45068540605337,-14.871256828308105
1383725164,上海马戏城,Shanghai Circus World,31.28178289176875,121.4473017150786,-14.867901802062988
1383725171,大宁公园（在建）,Da Ning Park(still in construction),31.27749803170728,121.43340388938702,-14.838284492492676
1383748436,平利路(在建）,Ping Li Road(still in construction),31.270232576256653,121.42577973823347,-14.820013999938965
1383762152,李子园,Liziyuan,31.270761491967136,121.38533740721826,-14.739180564880371
1394177940,杨高北路,North Yanggao Road,31.283381603095133,121.6005255988485,-15.168513298034668
1394177943,凌河路(在建）,Linghe Road（still in construction),31.274142308327527,121.6005064210064,-15.164520263671875
1394177953,云桥路（在建）,Yunqiao Road（still in construction),31.25261614495787,121.61017537573196,-15.173890113830566
